Video_ID,Folder,Original_Filename,Start_Time(s),End_Time(s),Task_Label,Task_Label_ID,Is_Occluded_0_1,Is_Bimanual_0_1,Grip_Type,Material_Type,Is_Fragile_0_1,Notes
GroceryVideos__video-750_singular_display.mov__00:03:00,GroceryVideos,video-750_singular_display.mov,00:03:00,00:05:00,reach_and_orient,41.0,0,0,Unknown,Glass Jar,1,Visible reach for the sauce bottle.
GroceryVideos__video-750_singular_display.mov__00:05:00,GroceryVideos,video-750_singular_display.mov,00:05:00,00:11:00,move_object_occluded,23.0,1,1,Pinch,,0,Hand goes under shelf; labels facing forward. Both hands used and are shifting objects with fingertips.
GroceryVideos__video-750_singular_display.mov__00:11:00,GroceryVideos,video-750_singular_display.mov,00:11:00,00:14:00,move_object_singular,24.0,1,1,Pinch,,0,Moving a can with one hand. Both hands are in view. 
GroceryVideos__video-750_singular_display.mov__00:14:00,GroceryVideos,video-750_singular_display.mov,00:14:00,00:15:00,retract_hand,46.0,1,1,Unknown,,0,Hand reappears and pulls back.
GroceryVideos__video-755_singular_display.MOV__00:04:00,GroceryVideos,video-755_singular_display.MOV,00:04:00,00:07:00,reach_and_orient,41.0,0,0,Unknown,Flexible Plastic,0,Reach for the snacks on the shelves 
GroceryVideos__video-755_singular_display.MOV__00:07:00,GroceryVideos,video-755_singular_display.MOV,00:07:00,00:12:00,move_object_occluded,23.0,1,1,Unknown,,0,Visible reach for the fruit snack.
GroceryVideos__video-755_singular_display.MOV__00:12:00,GroceryVideos,video-755_singular_display.MOV,00:12:00,00:14:00,retract_hand,46.0,0,1,Pinch,,0,Hand goes under shelf; labels facing forward. Both hands used.
GroceryVideos__video-755_singular_display.MOV__00:14:00,GroceryVideos,video-755_singular_display.MOV,00:14:00,00:15:00,reach_and_orient,41.0,0,0,Pinch,,0,Hand reappears and pulls back.
GroceryVideos__video-755_singular_display.MOV__00:15:00,GroceryVideos,video-755_singular_display.MOV,00:15:00,00:19:00,move_object_singular,24.0,1,0,Pinch,,0,Visible reach for the fruit snack.
GroceryVideos__video-755_singular_display.MOV__00:19:00,GroceryVideos,video-755_singular_display.MOV,00:19:00,00:20:00,retract_hand,46.0,0,0,Unknown,,0,Moving a snack with one hand.
GroceryVideos__video-755_singular_display.MOV__00:20:00,GroceryVideos,video-755_singular_display.MOV,00:20:00,00:22:00,reach_and_orient,41.0,0,0,Pinch,,0,Visible reach for the fruit snack.
GroceryVideos__video-755_singular_display.MOV__00:22:00,GroceryVideos,video-755_singular_display.MOV,00:22:00,00:23:00,retract_hand,46.0,1,0,Unknown,,0,End of video and hand is fully retracted.
GroceryVideos__video-761_singular_display.mov__00:03:00,GroceryVideos,video-761_singular_display.mov,00:03:00,00:05:00,reach_and_orient,41.0,0,1,Pinch,Plastic Packets of Pasta,0,Visible reach for the pasta.
GroceryVideos__video-761_singular_display.mov__00:05:00,GroceryVideos,video-761_singular_display.mov,00:05:00,00:24:00,move_object_occluded,23.0,1,1,Power,,0,Hand goes under shelf; labels facing forward. Both hand used.
GroceryVideos__video-761_singular_display.mov__00:24:00,GroceryVideos,video-761_singular_display.mov,00:24:00,00:26:00,retract_hand,46.0,1,1,Unknown,,0,Hand reappears and pulls back.
GroceryVideos__video-761_singular_display.mov__00:26:00,GroceryVideos,video-761_singular_display.mov,00:26:00,00:27:00,reach_and_orient,41.0,0,1,Pinch,,0,Visible reach for the pasta.
GroceryVideos__video-761_singular_display.mov__00:27:00,GroceryVideos,video-761_singular_display.mov,00:27:00,00:30:00,move_object_occluded,23.0,1,1,Pinch,,0,Hand goes under shelf; labels facing forward. Both hand used.
GroceryVideos__video-761_singular_display.mov__00:30:00,GroceryVideos,video-761_singular_display.mov,00:30:00,00:33:00,retract_hand,46.0,1,1,Unknown,,0,Hand reappears and pulls back.
GroceryVideos__video-764_singular_display.MOV__00:03:00,GroceryVideos,video-764_singular_display.MOV,00:03:00,00:05:00,reach_and_grasp_handle,39.0,0,0,Pinch,Ice cream ,0,Interaction with reflective glass surface; opens door.
GroceryVideos__video-764_singular_display.MOV__00:05:00,GroceryVideos,video-764_singular_display.MOV,00:05:00,00:06:00,bimanual_hold_open,0.0,0,0,Power,,0,Using one hand to hold open the door. This is before holding it open with torso.
GroceryVideos__video-764_singular_display.MOV__00:06:00,GroceryVideos,video-764_singular_display.MOV,00:06:00,00:07:00,reach_and_orient,41.0,0,0,Pinch,,0,Visible reach for the ice cream.
GroceryVideos__video-764_singular_display.MOV__00:07:00,GroceryVideos,video-764_singular_display.MOV,00:07:00,00:17:00,move_object_occluded,23.0,0,0,Pinch,,0,Hand goes under shelf; labels facing forward. Both hands used.
GroceryVideos__video-764_singular_display.MOV__00:17:00,GroceryVideos,video-764_singular_display.MOV,00:17:00,00:19:00,retract_hand,46.0,0,0,Unknown,,0,Hand reappears and pulls back.
GroceryVideos__video-764_singular_display.MOV__00:19:00,GroceryVideos,video-764_singular_display.MOV,00:19:00,00:21:00,reach_and_orient,41.0,0,0,Unknown,,0,Visible reach for the ice cream.
GroceryVideos__video-764_singular_display.MOV__00:21:00,GroceryVideos,video-764_singular_display.MOV,00:21:00,00:28:00,move_object_singular,24.0,0,0,Pinch,,0,Moving ice cream with one hand.
GroceryVideos__video-764_singular_display.MOV__00:28:00,GroceryVideos,video-764_singular_display.MOV,00:28:00,00:30:00,retract_hand,46.0,0,0,Unknown,,0,Hand reappears and pulls back.
GroceryVideos__video-764_singular_display.MOV__00:30:00,GroceryVideos,video-764_singular_display.MOV,00:30:00,00:32:00,release_and_close_singular,45.0,0,0,Power,,0,Single hand contact to initiate door closure.
GroceryVideos__video-767_singular_display.mov__00:03:00,GroceryVideos,video-767_singular_display.mov,00:03:00,00:05:00,reach_and_orient,41.0,0,0,Unknown,Sauce Bottles ,0,Visible reach for the bottles.
GroceryVideos__video-767_singular_display.mov__00:05:00,GroceryVideos,video-767_singular_display.mov,00:05:00,00:22:00,move_object_occluded,23.0,1,0,Power,,0,Hand goes under shelf; labels facing forward. Both hands used.
GroceryVideos__video-767_singular_display.mov__00:22:00,GroceryVideos,video-767_singular_display.mov,00:22:00,00:23:00,retract_hand,46.0,0,0,Unknown,,0,Hand reappears and pulls back.
GroceryVideos__video-767_singular_display.mov__00:23:00,GroceryVideos,video-767_singular_display.mov,00:23:00,00:25:00,reach_and_orient,41.0,0,0,Unknown,,0,Visible reach for the bottles.
GroceryVideos__video-767_singular_display.mov__00:25:00,GroceryVideos,video-767_singular_display.mov,00:25:00,00:36:00,move_object_occluded,23.0,1,0,Pinch,,0,Hand goes under shelf; labels facing forward. Both hands used.
GroceryVideos__video-767_singular_display.mov__00:36:00,GroceryVideos,video-767_singular_display.mov,00:36:00,00:38:00,retract_hand,46.0,0,0,Unknown,,0,Visible reach for the bottles.
GroceryVideos__video-769_singular_display.MOV__00:04:00,GroceryVideos,video-769_singular_display.MOV,00:04:00,00:06:00,reach_and_orient,41.0,0,1,Pinch,Chip Bags ,0,A chip bag is reached for with both hands. 
GroceryVideos__video-769_singular_display.MOV__00:06:00,GroceryVideos,video-769_singular_display.MOV,00:06:00,00:15:00,move_object_bimanual,22.0,1,1,Power,,0,Chips bags are beign orgnaized and made to be straightened out and labels are clearly faced forward. 
GroceryVideos__video-769_singular_display.MOV__00:15:00,GroceryVideos,video-769_singular_display.MOV,00:15:00,00:16:00,retract_hand,46.0,0,0,Unknown,,0,Both hands are pulled put of view and away from the chips 
GroceryVideos__video-769_singular_display.MOV__00:16:00,GroceryVideos,video-769_singular_display.MOV,00:16:00,00:17:00,reach_and_orient,41.0,1,1,Pinch,,0,Hands are lowered to reach the bottom shelves.
GroceryVideos__video-769_singular_display.MOV__00:17:00,GroceryVideos,video-769_singular_display.MOV,00:17:00,00:33:00,move_object_occluded,23.0,1,1,Power,,0,Each chip bag is straightened out with both hands on each side. 
GroceryVideos__video-769_singular_display.MOV__00:33:00,GroceryVideos,video-769_singular_display.MOV,00:33:00,00:34:00,retract_hand,46.0,1,1,Unknown,,0,Hands are removed from view. 
GroceryVideos__video-769_singular_display.MOV__00:34:00,GroceryVideos,video-769_singular_display.MOV,00:34:00,00:35:00,reach_and_orient,41.0,1,1,Pinch,,0,Chips bag is reach for with both hands. 
GroceryVideos__video-769_singular_display.MOV__00:35:00,GroceryVideos,video-769_singular_display.MOV,00:35:00,00:37:00,retract_hand,46.0,0,0,Unknown,,0,Hands are removed from view. 
GroceryVideos__video-769_singular_display.MOV__00:37:00,GroceryVideos,video-769_singular_display.MOV,00:37:00,00:44:00,reach_and_orient,41.0,1,1,Power,,0,Chips are reached for and faced forward. 
GroceryVideos__video-769_singular_display.MOV__00:44:00,GroceryVideos,video-769_singular_display.MOV,00:44:00,00:46:00,retract_hand,46.0,0,0,Unknown,,0,Hands are removed from view. 
GroceryVideos__video-771_singular_display 2.mov__00:00:00,GroceryVideos,video-771_singular_display 2.mov,00:00:00,00:22:00,move_object_bimanual,22.0,1,1,Power,Popcron bags ,0,Popcorn bags are being straightened and uncrinckled. Bags that have fallen on their side are placed upright.
GroceryVideos__video-771_singular_display 3.mov__00:22:00,GroceryVideos,video-771_singular_display 3.mov,00:22:00,00:24:00,retract_hand,46.0,0,0,Unknown,,0,Hands are retracted from view.
GroceryVideos__video-771_singular_display.MOV__00:24:00,GroceryVideos,video-771_singular_display.MOV,00:24:00,00:25:00,reach_and_orient,41.0,0,1,Power,,0,Both hands become in view however one hand grabs a bag initially. 
GroceryVideos__video-771_singular_display.MOV__00:25:00,GroceryVideos,video-771_singular_display.MOV,00:25:00,00:40:00,move_object_bimanual,22.0,1,1,Power,,0,Both hands are used to organize the chips and make them stand upright.
GroceryVideos__video-773_singular_display.MOV__00:00:00,GroceryVideos,video-773_singular_display.MOV,00:00:00,00:04:00,reach_and_grasp_handle,39.0,1,0,Pinch,Ice Cream Boxes,0,The freezer handle is grasped and the door is opened.
GroceryVideos__video-773_singular_display 2.mov__00:04:00,GroceryVideos,video-773_singular_display 2.mov,00:04:00,00:07:00,bimanual_hold_open,0.0,1,0,Power,,0,Using one hand to hold open the door. This is before holding it open with torso.
GroceryVideos__video-773_singular_display 2.mov__00:07:00,GroceryVideos,video-773_singular_display 2.mov,00:07:00,00:08:00,reach_and_orient,41.0,1,0,Pinch,,0,A box of ice cream is reached for and hand is occluded. 
GroceryVideos__video-773_singular_display 2.mov__00:07:00,GroceryVideos,video-773_singular_display 2.mov,00:07:00,00:14:00,move_object_singular,24.0,1,0,Power,,0,Boxes are grasped with one hand and brought to front 
GroceryVideos__video-773_singular_display 2.mov__00:14:00,GroceryVideos,video-773_singular_display 2.mov,00:14:00,00:56:00,move_object_bimanual,22.0,1,1,Power,,0,Boxes are organized with both hands and are stacked together neatly. 
GroceryVideos__video-773_singular_display 2.mov__00:56:00,GroceryVideos,video-773_singular_display 2.mov,00:56:00,00:58:00,retract_hand,46.0,0,0,Unknown,,0,Hands are removed from view. 
GroceryVideos__video-775_singular_display.MOV__00:03:00,GroceryVideos,video-775_singular_display.MOV,00:03:00,00:05:00,reach_and_grasp_handle,39.0,0,0,Power,Small Ice Cream Tubs,0,The freezer handle is grasped and the door is opened.
GroceryVideos__video-775_singular_display.MOV__00:05:00,GroceryVideos,video-775_singular_display.MOV,00:05:00,00:06:00,bimanual_hold_open,0.0,1,0,Power,,0,Using one hand to hold open the door. This is before holding it open with torso.
GroceryVideos__video-775_singular_display.MOV__00:06:00,GroceryVideos,video-775_singular_display.MOV,00:06:00,00:07:00,reach_and_orient,41.0,1,1,Pinch,,0,A small tub of ice cream is reached for. 
GroceryVideos__video-775_singular_display.MOV__00:07:00,GroceryVideos,video-775_singular_display.MOV,00:07:00,01:00:00,move_object_bimanual,22.0,1,1,Power,,0,Both hands come into view and start orgianzing and making sure labels are at the front. 
GroceryVideos__video-775_singular_display.MOV__01:00:00,GroceryVideos,video-775_singular_display.MOV,01:00:00,01:02:00,retract_hand,46.0,0,0,Unknown,,0,Hands are removed from view. 
GroceryVideos__video-777_singular_display.MOV__00:00:00,GroceryVideos,video-777_singular_display.MOV,00:00:00,00:07:00,reach_and_grasp_handle,39.0,0,0,Power,Ice Cream Tubs,0,The freezer handle is grasped and the door is opened.
GroceryVideos__video-777_singular_display.MOV__00:07:00,GroceryVideos,video-777_singular_display.MOV,00:07:00,00:08:00,bimanual_hold_open,0.0,1,1,Power,,0,Using one hand to hold open the door. This is before holding it open with torso.
GroceryVideos__video-777_singular_display.MOV__00:08:00,GroceryVideos,video-777_singular_display.MOV,00:08:00,00:09:00,reach_and_orient,41.0,1,1,Pinch,,0,Both hands reach towards the lower shelves of the freezer.
GroceryVideos__video-777_singular_display.MOV__00:09:00,GroceryVideos,video-777_singular_display.MOV,00:09:00,00:31:00,move_object_bimanual,22.0,1,1,Power,,0,Both hands are used to rotate tubs and move them. 
GroceryVideos__video-777_singular_display.MOV__00:31:00,GroceryVideos,video-777_singular_display.MOV,00:31:00,00:32:00,retract_hand,46.0,0,0,Power,,0,Hand is retracted away from the ice cream.
GroceryVideos__video-777_singular_display.MOV__00:32:00,GroceryVideos,video-777_singular_display.MOV,00:32:00,00:33:00,close_door,2.0,1,0,Unknown,,0,Hand closes the door of the freezer. 
GroceryVideos__video-777_singular_display.MOV__00:33:00,GroceryVideos,video-777_singular_display.MOV,00:33:00,00:37:00,reach_and_grasp_handle,39.0,1,1,Power,,0,Another freezer is opened.
GroceryVideos__video-777_singular_display.MOV__00:37:00,GroceryVideos,video-777_singular_display.MOV,00:37:00,00:39:00,bimanual_hold_open,0.0,1,1,Power,,0,Using one hand to hold open the door. This is before holding it open with torso.
GroceryVideos__video-777_singular_display.MOV__00:39:00,GroceryVideos,video-777_singular_display.MOV,00:39:00,00:40:00,reach_and_orient,41.0,0,1,Power,,0,Both hands reach for the ice cream. 
GroceryVideos__video-777_singular_display.MOV__00:40:00,GroceryVideos,video-777_singular_display.MOV,00:40:00,01:00:00,move_object_bimanual,22.0,1,1,Power,,0,Both hands are used to rotate tubs and move them. 
GroceryVideos__video-777_singular_display.MOV__01:00:00,GroceryVideos,video-777_singular_display.MOV,01:00:00,01:02:00,retract_hand,46.0,0,0,Unknown,,0,Hand is retracted away from the ice cream.
GroceryVideos__video-779_singular_display.MOV__00:00:00,GroceryVideos,video-779_singular_display.MOV,00:00:00,00:05:00,reach_and_orient,41.0,0,1,Pinch,Chip Bags ,0,Hands reach for the high shelves. 
GroceryVideos__video-779_singular_display 2.mov__00:05:00,GroceryVideos,video-779_singular_display 2.mov,00:05:00,00:52:00,move_object_bimanual,22.0,1,1,Power,,0,Both hands are usedd to orient the chip bags to face frontward. Chip bags are also brought to the front. 
GroceryVideos__video-779_singular_display 2.mov__00:52:00,GroceryVideos,video-779_singular_display 2.mov,00:52:00,00:56:00,retract_hand,46.0,0,0,Unknown,,0,Hands are both pulled back. 
GroceryVideos__video-779_singular_display 2.mov__00:56:00,GroceryVideos,video-779_singular_display 2.mov,00:56:00,00:58:00,reach_and_orient,41.0,0,1,Pinch,,0,Hands reach out for the bags on the lower shelves. 
GroceryVideos__video-779_singular_display 2.mov__00:58:00,GroceryVideos,video-779_singular_display 2.mov,00:58:00,01:07:00,move_object_bimanual,22.0,1,1,Power,,0,Chips are orgnaized on the bottom shelves. 
GroceryVideos__video-779_singular_display 2.mov__01:07:00,GroceryVideos,video-779_singular_display 2.mov,01:07:00,01:12:00,retract_hand,46.0,0,0,Unknown,,0,Both hands are retracted. 
GroceryVideos__video-781_singular_display.MOV__00:00:00,GroceryVideos,video-781_singular_display.MOV,00:00:00,00:06:00,reach_and_orient,41.0,0,0,Pinch,Snacks,0,Hand reach for the snack boxes at the top shelf .
GroceryVideos__video-781_singular_display.MOV__00:06:00,GroceryVideos,video-781_singular_display.MOV,00:06:00,00:32:00,move_object_bimanual,22.0,1,0,Power,,0,Boxes are moved to the front and front facing. 
GroceryVideos__video-781_singular_display.MOV__00:32:00,GroceryVideos,video-781_singular_display.MOV,00:32:00,00:35:00,retract_hand,46.0,0,0,Unknown,,0,Hans are retracted away from view
GroceryVideos__video-781_singular_display.MOV__00:35:00,GroceryVideos,video-781_singular_display.MOV,00:35:00,00:37:00,reach_and_orient,41.0,0,0,Pinch,,0,Hand reach for the snacks in the middle part of the shelves and only one hand reaches out. 
GroceryVideos__video-781_singular_display.MOV__00:37:00,GroceryVideos,video-781_singular_display.MOV,00:37:00,00:40:00,move_object_singular,24.0,0,0,Pinch,,0,One hand pinches the top of a snack bag and bring it to front. 
GroceryVideos__video-781_singular_display.MOV__00:40:00,GroceryVideos,video-781_singular_display.MOV,00:40:00,01:17:00,move_object_bimanual,22.0,1,1,Power,,0,Both hands appear and organize the shelves. 
GroceryVideos__video-781_singular_display.MOV__01:17:00,GroceryVideos,video-781_singular_display.MOV,01:17:00,01:23:00,retract_hand,46.0,0,0,Unknown,,0,Both hands are remvoed out of view. 
GroceryVideos__video-783_singular_display.MOV__00:00:00,GroceryVideos,video-783_singular_display.MOV,00:00:00,00:05:00,reach_and_orient,41.0,0,1,Pinch,Sodas,1,Both hands reach for the soda boxes at the bottom of the shelves. 
GroceryVideos__video-783_singular_display 2.mov__00:05:00,GroceryVideos,video-783_singular_display 2.mov,00:05:00,00:11:00,move_object_bimanual,22.0,0,0,Power,,0,Aligns all the boxes on the bottom shelf. 
GroceryVideos__video-783_singular_display 2.mov__00:11:00,GroceryVideos,video-783_singular_display 2.mov,00:11:00,00:14:00,retract_hand,46.0,0,0,Unknown,,0,Both hands are retracted out of view. 
GroceryVideos__video-783_singular_display 2.mov__00:14:00,GroceryVideos,video-783_singular_display 2.mov,00:14:00,00:16:00,reach_and_orient,41.0,1,1,Pinch,,0,Reaches for the glass soda bottles at the top. 
GroceryVideos__video-783_singular_display 2.mov__00:16:00,GroceryVideos,video-783_singular_display 2.mov,00:16:00,01:40:00,move_object_bimanual,22.0,1,1,Power,,0,Makes sure all the sodas are placed at the front of the shelves and are front facing. 
GroceryVideos__video-783_singular_display 2.mov__01:40:00,GroceryVideos,video-783_singular_display 2.mov,01:40:00,01:44:00,retract_hand,46.0,0,0,Unknown,,0,Both hands are removed out of view. 
GroceryVideos__video-785_singular_display.MOV__00:00:00,GroceryVideos,video-785_singular_display.MOV,00:00:00,00:05:00,reach_and_orient,41.0,0,0,Pinch,Metal Cans,0,Hands reaches for cans of beans that are not in order. 
GroceryVideos__video-785_singular_display 2.mov__00:05:00,GroceryVideos,video-785_singular_display 2.mov,00:05:00,00:58:00,move_object_bimanual,22.0,1,1,Power,,0,Both hands are used to lift and move the cans and make them to be front facing. 
GroceryVideos__video-785_singular_display 3.mov__00:58:00,GroceryVideos,video-785_singular_display 3.mov,00:58:00,01:04:00,retract_hand,46.0,0,0,Unknown,,0,Hands are removed from view. 
GroceryVideos__video-785_singular_display 3.mov__01:04:00,GroceryVideos,video-785_singular_display 3.mov,01:04:00,01:06:00,reach_and_orient,41.0,0,0,Pinch,,0,Hands reach for cans on the bottoms portion of the shelves. 
GroceryVideos__video-785_singular_display 3.mov__01:06:00,GroceryVideos,video-785_singular_display 3.mov,01:06:00,01:40:00,move_object_bimanual,22.0,1,1,Power,,0,Cans are beign organized and made sure to be front facing. 
GroceryVideos__video-785_singular_display 3.mov__01:40:00,GroceryVideos,video-785_singular_display 3.mov,01:40:00,01:43:00,retract_hand,46.0,0,0,Unknown,,0,Hands are removed from view. 
GroceryVideos__video-785_singular_display 3.mov__01:43:00,GroceryVideos,video-785_singular_display 3.mov,01:43:00,01:45:00,reach_and_orient,41.0,0,0,Pinch,,0,Hands reach for cans on the bottom part of the shelf. 
GroceryVideos__video-785_singular_display 3.mov__01:45:00,GroceryVideos,video-785_singular_display 3.mov,01:45:00,02:16:00,move_object_bimanual,22.0,1,1,Power,,0,Cans are made to be front facing and at the front of the shelves. 
GroceryVideos__video-785_singular_display 3.mov__02:16:00,GroceryVideos,video-785_singular_display 3.mov,02:16:00,02:23:00,retract_hand,46.0,0,0,Unknown,,0,Hands are removed from view.
GroceryVideos__video-785_singular_display 3.mov__02:23:00,GroceryVideos,video-785_singular_display 3.mov,02:23:00,02:26:00,reach_and_orient,41.0,0,1,Pinch,,0,Hands reach for some bottle at the bottom of shelf 
GroceryVideos__video-785_singular_display 3.mov__02:26:00,GroceryVideos,video-785_singular_display 3.mov,02:26:00,02:35:00,move_object_bimanual,22.0,1,1,Power,,0,Hands are then used to orginze some bottle with one hand and orginze some plastic bags with both hands. 
GroceryVideos__video-785_singular_display 3.mov__02:35:00,GroceryVideos,video-785_singular_display 3.mov,02:35:00,02:37:00,retract_hand,46.0,0,0,Unknown,,0,Hands are removed from view.
indoorvideos__video-410_singular_display.mov__00:00:00,indoorvideos,video-410_singular_display.mov,00:00:00,00:01:00,reach_and_grasp_handle,39.0,0,0,Pinch,Metal handle/Washing Machine,0,Fingertips are reaching out towards the handle of the washing machine 
indoorvideos__video-410_singular_display.mov__00:01:00,indoorvideos,video-410_singular_display.mov,00:01:00,00:03:00,bimanual_hold_open,0.0,0,0,Power,,0,Hand is brought closer to the body and the door is swung open. Hand pushes the inside of the door to fully open it. 
indoorvideos__video-410_singular_display.mov__00:03:00,indoorvideos,video-410_singular_display.mov,00:03:00,00:05:00,retract_hand,46.0,0,0,Unknown,,0,Hand is removed from the washing machine and becomes out of view. 
indoorvideos__video-416_singular_display.MOV__00:00:00,indoorvideos,video-416_singular_display.MOV,00:00:00,00:02:00,reach_and_grasp_handle,39.0,0,0,Pinch,Metal handle/Washing Machine,0,Hand reaches out to the bottom part of the washing machine door. Thumb is on the inside part of the door for stability. 
indoorvideos__video-416_singular_display.MOV__00:02:00,indoorvideos,video-416_singular_display.MOV,00:02:00,00:04:00,rotation_of_hand,48.0,1,0,Lateral,,0,Hand rotates from the inside to outside of the door. It becomes occluded while it swings the door closed. 
indoorvideos__video-416_singular_display.MOV__00:04:00,indoorvideos,video-416_singular_display.MOV,00:04:00,00:06:00,engage_latch,9.0,0,0,Power,,0,Hand pushes on the door until it is fully closed and parallel to the washing machine. 
indoorvideos__video-416_singular_display.MOV__00:06:00,indoorvideos,video-416_singular_display.MOV,00:06:00,00:07:00,swing_closed,53.0,0,0,Power,,0,Hand shuts the door closed with a stronger force. 
indoorvideos__video-419_singular_display.mov__00:00:00,indoorvideos,video-419_singular_display.mov,00:00:00,00:01:00,reach_and_orient,41.0,0,0,Pinch,Plastic handle/Microwave,0,Hand is placed on the side of the perpendicular door. Fingertips grip the sides. 
indoorvideos__video-419_singular_display.mov__00:01:00,indoorvideos,video-419_singular_display.mov,00:01:00,00:03:00,swing_closed,53.0,0,0,Lateral,,0,Hand pushes the door until fully closed and becomes parallel to the microwave itself. 
indoorvideos__video-419_singular_display.mov__00:03:00,indoorvideos,video-419_singular_display.mov,00:03:00,00:05:00,engage_latch,9.0,0,0,Power,,0,Hand shuts the door closed with a stronger force. 
indoorvideos__video-424_singular_display.mov__00:00:00,indoorvideos,video-424_singular_display.mov,00:00:00,00:02:00,reach_and_pinch,42.0,0,0,Pinch,Metal rack/Oven,0,Hand reached to the edge of the metal rack inside the oven that has been slid towards the body prior
indoorvideos__video-424_singular_display.mov__00:02:00,indoorvideos,video-424_singular_display.mov,00:02:00,00:04:00,push_away,32.0,0,0,Pinch,,0,Fingertips pinch the edge and pushes it inside the oven
indoorvideos__video-424_singular_display.mov__00:04:00,indoorvideos,video-424_singular_display.mov,00:04:00,00:05:00,retract_hand,46.0,0,0,Unknown,,0,Hand is removed from the rack after it is fully closed. 
indoorvideos__video-430_singular_display.mov__00:00:00,indoorvideos,video-430_singular_display.mov,00:00:00,00:02:00,reach_and_grasp_handle,39.0,1,0,Power,Metal handle/Oven,0,Hand reaches under the open oven door to reach for the obscured handle 
indoorvideos__video-430_singular_display.mov__00:02:00,indoorvideos,video-430_singular_display.mov,00:02:00,00:04:00,swing_closed,53.0,1,0,Power,,0,"The door is swing closed, moving upward and becoming parallel to oven. "
indoorvideos__video-430_singular_display.mov__00:04:00,indoorvideos,video-430_singular_display.mov,00:04:00,00:05:00,retract_hand,46.0,0,0,Power,,0,Hand is retracted from view and from the handle. 
indoorvideos__video-440_singular_display 2.mov__00:00:00,indoorvideos,video-440_singular_display 2.mov,00:00:00,00:02:00,reach_and_grasp_handle,39.0,0,0,Unknown,Pitcher handle,0,Hand reaches for the handle of the pitcher
indoorvideos__video-440_singular_display 2.mov__00:02:00,indoorvideos,video-440_singular_display 2.mov,00:02:00,00:03:00,lift_object,16.0,0,0,Power,,0,The pitcher is lifted upward and is being held by hand above the table. 
indoorvideos__video-440_singular_display 2.mov__00:03:00,indoorvideos,video-440_singular_display 2.mov,00:03:00,00:04:00,move_object_singular,24.0,0,0,Power,,0,The pitcher is moved forward 
indoorvideos__video-440_singular_display 2.mov__00:04:00,indoorvideos,video-440_singular_display 2.mov,00:04:00,00:05:00,lower_object,20.0,0,0,Power,,0,Pitcher is lowered to final position. 
indoorvideos__video-440_singular_display 2.mov__00:05:00,indoorvideos,video-440_singular_display 2.mov,00:05:00,00:06:00,retract_hand,46.0,0,0,Unknown,,0,Hand is removed from the handle and out of view. 
indoorvideos__video-444_singular_display 2.mov__00:00:00,indoorvideos,video-444_singular_display 2.mov,00:00:00,00:02:00,reach_and_grasp,38.0,0,0,Power,Plastic waterbottle,0,Hand is reaching for the water bottle on a table. 
indoorvideos__video-444_singular_display 2.mov__00:02:00,indoorvideos,video-444_singular_display 2.mov,00:02:00,00:03:00,lift_object,16.0,0,0,Power,,0,The waterbottle is lifted upward. 
indoorvideos__video-444_singular_display 2.mov__00:03:00,indoorvideos,video-444_singular_display 2.mov,00:03:00,00:04:00,move_object_singular,24.0,0,0,Power,,0,The waterbottle is moved to final position. 
indoorvideos__video-444_singular_display 2.mov__00:04:00,indoorvideos,video-444_singular_display 2.mov,00:04:00,00:05:00,lower_object,20.0,0,0,Power,,0,The waterbottle is placed down so that it is stable to stand on its own. 
indoorvideos__video-446_singular_display.mov__00:00:00,indoorvideos,video-446_singular_display.mov,00:00:00,00:03:00,reach_and_pinch,42.0,0,0,Pinch,Oven Rack,0,One hand reaches fro the oven tray and pinches the edge with its fingertips. 
indoorvideos__video-446_singular_display.mov__00:03:00,indoorvideos,video-446_singular_display.mov,00:03:00,00:04:00,push_towards,34.0,0,0,Pinch,,0,They tray is then pulled towards the person and the tray becomes full pulled out. 
indoorvideos__video-446_singular_display.mov__00:04:00,indoorvideos,video-446_singular_display.mov,00:04:00,00:06:00,retract_hand,46.0,0,0,Unknown,,0,Hand is retracted from the oven tray. 
indoorvideos__video-449_singular_display 2.mov__00:00:00,indoorvideos,video-449_singular_display 2.mov,00:00:00,00:02:00,reach_and_grasp,38.0,0,1,Power,Paper Towel,0,One hand is placed on the top of the paper roll and the other reaches for the paper towel.
indoorvideos__video-449_singular_display 2.mov__00:02:00,indoorvideos,video-449_singular_display 2.mov,00:02:00,00:04:00,tear_towel,55.0,0,1,Pinch,,0,"While the other hand stabilizes, one hand tears the paper towel. "
indoorvideos__video-449_singular_display 2.mov__00:04:00,indoorvideos,video-449_singular_display 2.mov,00:04:00,00:05:00,fold_and_place,10.0,0,1,Pinch,,0,Once a sheet if pulled off it is folded and placed on counter. 
indoorvideos__video-449_singular_display 2.mov__00:05:00,indoorvideos,video-449_singular_display 2.mov,00:05:00,00:06:00,retract_hand,46.0,0,0,Unknown,,0,Hand is pulled away. 
indoorvideos__video-451_singular_display.mov__00:00:00,indoorvideos,video-451_singular_display.mov,00:00:00,00:02:00,reach_and_grasp_handle,39.0,0,0,Power,Plastic handle/Microwave,0,One hand reaches for the handle of the microwave. It is fully gripped. 
indoorvideos__video-451_singular_display.mov__00:02:00,indoorvideos,video-451_singular_display.mov,00:02:00,00:03:00,engage_latch,9.0,0,0,Power,,0,Hand pulls on the handle until latch engages. 
indoorvideos__video-451_singular_display.mov__00:03:00,indoorvideos,video-451_singular_display.mov,00:03:00,00:05:00,swing_open,54.0,1,0,Lateral,,0,Microwave door is opened fully and hand is on the side of the door. 
indoorvideos__video-451_singular_display.mov__00:05:00,indoorvideos,video-451_singular_display.mov,00:05:00,00:06:00,retract_hand,46.0,0,0,Unknown,,0,Hand is pulled away. 
indoorvideos__video-453_singular_display.MOV__00:00:00,indoorvideos,video-453_singular_display.MOV,00:00:00,00:02:00,reach_and_grasp_handle,39.0,0,0,Power,Plastic Handle/Oven,0,Hand reaches for the handle of the oven door and fully grips it. This is a pronanted grip. 
indoorvideos__video-453_singular_display.MOV__00:02:00,indoorvideos,video-453_singular_display.MOV,00:02:00,00:06:00,pull_downwards,29.0,1,0,Power,,0,Oven door is pulled down until fully opened. 
indoorvideos__video-455_singular_display.MOV__00:00:00,indoorvideos,video-455_singular_display.MOV,00:00:00,00:03:00,reach_and_pinch,42.0,0,0,Pinch,Folding Door ,0,Hand reaches out to the knob of the folding door and pinches it with fingertips. 
indoorvideos__video-455_singular_display.MOV__00:03:00,indoorvideos,video-455_singular_display.MOV,00:03:00,00:05:00,lateral_slide,13.0,0,0,Unknown,,0,The door is moved to the side and is pushed laterally. 
indoorvideos__video-455_singular_display.MOV__00:05:00,indoorvideos,video-455_singular_display.MOV,00:05:00,00:06:00,retract_hand,46.0,0,0,Unknown,,0,Hand is pulled away. 
indoorvideos__video-457_singular_display 2.mov__00:00:00,indoorvideos,video-457_singular_display 2.mov,00:00:00,00:02:00,reach_and_grasp,38.0,0,1,Power,Cardboard Box,0,Both hands reach for the box and grab its sides. 
indoorvideos__video-457_singular_display 2.mov__00:02:00,indoorvideos,video-457_singular_display 2.mov,00:02:00,00:03:00,lift_object,16.0,0,1,Power,,0,The box is lifted into the air. 
indoorvideos__video-457_singular_display 2.mov__00:03:00,indoorvideos,video-457_singular_display 2.mov,00:03:00,00:05:00,move_object_singular,24.0,0,1,Power,,0,The box is moved to final destination with both hands. 
indoorvideos__video-457_singular_display 2.mov__00:05:00,indoorvideos,video-457_singular_display 2.mov,00:05:00,00:06:00,lower_object,20.0,0,1,Power,,0,Box is placed down on counter. 
indoorvideos__video-457_singular_display 2.mov__00:06:00,indoorvideos,video-457_singular_display 2.mov,00:06:00,00:07:00,retract_hand,46.0,0,0,Unknown,,0,Hands are pulled away. 
indoorvideos__video-461_singular_display 2.mov__00:00:00,indoorvideos,video-461_singular_display 2.mov,00:00:00,00:02:00,reach_and_grasp,38.0,0,0,Power,Glass vase,1,One hand grips the narrow part of the glass vase. 
indoorvideos__video-461_singular_display 2.mov__00:02:00,indoorvideos,video-461_singular_display 2.mov,00:02:00,00:03:00,lift_object,16.0,0,0,Power,,0,The vase is lifted up into the air. 
indoorvideos__video-461_singular_display 2.mov__00:03:00,indoorvideos,video-461_singular_display 2.mov,00:03:00,00:05:00,move_object_singular,24.0,0,0,Power,,0,Vase is taken to final destination. 
indoorvideos__video-461_singular_display 2.mov__00:05:00,indoorvideos,video-461_singular_display 2.mov,00:05:00,00:07:00,lower_object,20.0,0,0,Power,,0,Vase is placed down on countertop. 
indoorvideos__video-461_singular_display 2.mov__00:07:00,indoorvideos,video-461_singular_display 2.mov,00:07:00,00:08:00,retract_hand,46.0,0,0,Unknown,,0,hand is pulled away. 
indoorvideos__video-463_singular_display.mov__00:00:00,indoorvideos,video-463_singular_display.mov,00:00:00,00:02:00,reach_and_orient,41.0,0,1,Power,Pillow,0,One hand is used to stabilize pillow and other grips it. 
indoorvideos__video-463_singular_display.mov__00:02:00,indoorvideos,video-463_singular_display.mov,00:02:00,00:06:00,move_object_upright,25.0,0,1,Unknown,,0,Pillow is pulled upwards and neatly placed on coach bu placing in on its side rather face down. 
indoorvideos__video-463_singular_display.mov__00:06:00,indoorvideos,video-463_singular_display.mov,00:06:00,00:08:00,retract_hand,46.0,0,0,Unknown,,0,Hands are pulled away. 
indoorvideos__video-465_singular_display.MOV__00:00:00,indoorvideos,video-465_singular_display.MOV,00:00:00,00:03:00,reach_and_grasp,38.0,0,0,Power,Glass cup/Kitchen Knife,1,Hand reaches for first object which is a small knife on the counter. 
indoorvideos__video-465_singular_display.MOV__00:03:00,indoorvideos,video-465_singular_display.MOV,00:03:00,00:04:00,reach_and_pinch,42.0,0,0,Pinch,,0,"In the same hand, a glass mug is pinched from the same counter. "
indoorvideos__video-465_singular_display.MOV__00:04:00,indoorvideos,video-465_singular_display.MOV,00:04:00,00:05:00,lift_object,16.0,0,0,Power,,0,Both object are lifted together. 
indoorvideos__video-465_singular_display.MOV__00:05:00,indoorvideos,video-465_singular_display.MOV,00:05:00,00:08:00,move_object_singular,24.0,0,0,Power,,0,Both objects are moved to final destination. 
indoorvideos__video-465_singular_display.MOV__00:08:00,indoorvideos,video-465_singular_display.MOV,00:08:00,00:09:00,lower_object,20.0,0,0,Power,,0,Object are placed down in sink. 
indoorvideos__video-465_singular_display.MOV__00:09:00,indoorvideos,video-465_singular_display.MOV,00:09:00,00:10:00,retract_hand,46.0,0,0,Unknown,,0,
indoorvideos__video-467_singular_display.MOV__00:00:00,indoorvideos,video-467_singular_display.MOV,00:00:00,00:03:00,reach_and_grasp,38.0,0,1,Power,House Plant,1,Both hands are lowered and grasp and house plant pot on both sides. 
indoorvideos__video-467_singular_display.MOV__00:03:00,indoorvideos,video-467_singular_display.MOV,00:03:00,00:07:00,slide_towards,51.0,0,1,Power,,0,"The plant is pulled towards the handler and is slid against the ground, no lifting occuring. "
indoorvideos__video-467_singular_display.MOV__00:07:00,indoorvideos,video-467_singular_display.MOV,00:07:00,00:08:00,slide_away,50.0,0,1,Power,,0,The plant is slid away from the handler to original position. 
indoorvideos__video-467_singular_display.MOV__00:08:00,indoorvideos,video-467_singular_display.MOV,00:08:00,10,retract_hand,46.0,0,0,Unknown,,0,Hands are pulled away. 
indoorvideos__video-469_singular_display.MOV__00:00:00,indoorvideos,video-469_singular_display.MOV,00:00:00,00:02:00,reach_and_press,43.0,0,0,Power,Paper Towel wiping Table ,0,Hand is placed on top of paper towel with pressure. 
indoorvideos__video-473_singular_display.MOV__00:02:00,indoorvideos,video-473_singular_display.MOV,00:02:00,00:11:00,lateral_sweep,14.0,0,0,Lateral,,0,Hand goes across the the table in a zig zag pattern. Table gets fully cleaned. 
indoorvideos__video-471_singular_display.mov__00:00:00,indoorvideos,video-471_singular_display.mov,00:00:00,00:02:00,reach_and_press,43.0,0,0,Power,Paper Towel wiping Table ,0,Hand is placed on the table with the paper towel. 
indoorvideos__video-471_singular_display.mov__00:02:00,indoorvideos,video-471_singular_display.mov,00:02:00,00:11:00,lateral_sweep,14.0,0,0,Lateral,,0,Hand goes across the the table in a zig zag pattern. Table gets fully cleaned. 
indoorvideos__video-471_singular_display.mov__00:11:00,indoorvideos,video-471_singular_display.mov,00:11:00,00:13:00,retract_hand,46.0,0,0,Unknown,,0,Hand is pulled away
indoorvideos__video-475_singular_display 2.MOV__00:00:00,indoorvideos,video-475_singular_display 2.MOV,00:00:00,00:03:00,reach_and_grasp,38.0,0,0,Power,Dishes,0,Hand reaches for a lid and spoon. 
indoorvideos__video-475_singular_display 2.MOV__00:03:00,indoorvideos,video-475_singular_display 2.MOV,00:03:00,00:04:00,lift_object,16.0,0,0,Power,,0,Lifts both the objects in one hands. 
indoorvideos__video-475_singular_display 2.MOV__00:04:00,indoorvideos,video-475_singular_display 2.MOV,00:04:00,00:05:00,lower_object,20.0,0,0,Power,,0,Places it down in the sink. 
indoorvideos__video-475_singular_display 2.MOV__00:05:00,indoorvideos,video-475_singular_display 2.MOV,00:05:00,00:07:00,lift_object,16.0,0,1,Power,,0,Object is lifted and trasnferred to other hand. 
indoorvideos__video-475_singular_display 2.MOV__00:07:00,indoorvideos,video-475_singular_display 2.MOV,00:07:00,00:09:00,lower_object,20.0,0,1,Power,,0,Recevies from other hand and is placed in sink. 
indoorvideos__video-475_singular_display 2.MOV__00:09:00,indoorvideos,video-475_singular_display 2.MOV,00:09:00,00:11:00,lift_object,16.0,0,1,Power,,0,Object is lifted and trasnferred to other hand. 
indoorvideos__video-475_singular_display 2.MOV__00:11:00,indoorvideos,video-475_singular_display 2.MOV,00:11:00,00:14:00,lower_object,20.0,1,0,Power,,0,Recevies from other hand and is placed in sink. 
indoorvideos__video-477_singular_display 2.mov__00:00:00,indoorvideos,video-477_singular_display 2.mov,00:00:00,00:02:00,reach_and_press,43.0,0,0,Power,Paper Towel wiping Table ,0,Hand is placed on top of paper towel with pressure. 
indoorvideos__video-477_singular_display 2.mov__00:02:00,indoorvideos,video-477_singular_display 2.mov,00:02:00,00:14:00,lateral_sweep,14.0,0,0,Lateral,,0,Hand goes across the the table in a zig zag pattern. Table gets fully cleaned. 
indoorvideos__video-479_singular_display 2.mov__00:00:00,indoorvideos,video-479_singular_display 2.mov,00:00:00,00:02:00,reach_and_pinch,42.0,0,1,Pinch,Drawers/Cabinet,0,Both hands reach for the knobs of the opened drawers and pinches them. 
indoorvideos__video-479_singular_display 2.mov__00:02:00,indoorvideos,video-479_singular_display 2.mov,00:02:00,00:04:00,swing_closed,53.0,0,1,Pinch,,0,Closes them with some arc motion. 
indoorvideos__video-479_singular_display 2.mov__00:04:00,indoorvideos,video-479_singular_display 2.mov,00:04:00,00:05:00,reach_and_pinch,42.0,0,0,Pinch,,0,Reaches for top open cabinet and pinches knob. 
indoorvideos__video-479_singular_display 2.mov__00:05:00,indoorvideos,video-479_singular_display 2.mov,00:05:00,00:06:00,slide_away,50.0,0,0,Pinch,,0,"Pushes the cabinet closed, away from the body. "
indoorvideos__video-479_singular_display 2.mov__00:06:00,indoorvideos,video-479_singular_display 2.mov,00:06:00,00:07:00,reach_and_pinch,42.0,0,0,Pinch,,0,Reaches for the open cabinet and pinches knob
indoorvideos__video-479_singular_display 2.mov__00:07:00,indoorvideos,video-479_singular_display 2.mov,00:07:00,00:08:00,slide_away,50.0,0,0,Pinch,,0,"Pushes the cabinet closed, away from the body."
indoorvideos__video-479_singular_display 2.mov__00:09:00,indoorvideos,video-479_singular_display 2.mov,00:09:00,00:10:00,reach_and_pinch,42.0,0,0,Pinch,,0,Reaches for the open cabinet and pinches knob
indoorvideos__video-479_singular_display 2.mov__00:10:00,indoorvideos,video-479_singular_display 2.mov,00:10:00,00:11:00,slide_away,50.0,0,0,Pinch,,0,"Pushes the cabinet closed, away from the body. "
indoorvideos__video-479_singular_display 2.mov__00:11:00,indoorvideos,video-479_singular_display 2.mov,00:11:00,00:12:00,reach_and_pinch,42.0,0,0,Pinch,,0,Reaches for the open cabinet and pinches knob
indoorvideos__video-479_singular_display 2.mov__00:13:00,indoorvideos,video-479_singular_display 2.mov,00:13:00,00:14:00,slide_away,50.0,0,0,Pinch,,0,"Pushes the cabinet closed, away from the body."
indoorvideos__video-479_singular_display 2.mov__00:14:00,indoorvideos,video-479_singular_display 2.mov,00:14:00,00:15:00,retract_hand,46.0,0,0,Pinch,,0,Hand is removed from view. 
indoorvideos__video-481_singular_display 2.MOV__00:00:00,indoorvideos,video-481_singular_display 2.MOV,00:00:00,00:04:00,reach_and_pinch,42.0,0,0,Pinch,Drawers/Cabinet,0,Hand reaches for the drawer at the bottom. 
indoorvideos__video-481_singular_display 2.MOV__00:04:00,indoorvideos,video-481_singular_display 2.MOV,00:04:00,00:05:00,slide_towards,51.0,0,0,Pinch,,0,The drawer is opened and slides toward the body. 
indoorvideos__video-481_singular_display 2.MOV__00:05:00,indoorvideos,video-481_singular_display 2.MOV,00:05:00,00:06:00,reach_and_pinch,42.0,0,0,Pinch,,0,Hand reaches the knob and slides the drawer open. 
indoorvideos__video-481_singular_display 2.MOV__00:06:00,indoorvideos,video-481_singular_display 2.MOV,00:06:00,00:07:00,slide_towards,51.0,0,0,Pinch,,0,The drawer is opened and slides toward the body. 
indoorvideos__video-481_singular_display 2.MOV__00:07:00,indoorvideos,video-481_singular_display 2.MOV,00:07:00,00:08:00,reach_and_pinch,42.0,0,0,Pinch,,0,Hand reaches the knob and slides the drawer open. 
indoorvideos__video-481_singular_display 2.MOV__00:08:00,indoorvideos,video-481_singular_display 2.MOV,00:08:00,00:09:00,slide_towards,51.0,0,0,Pinch,,0,The drawer is opened and slides toward the body. 
indoorvideos__video-481_singular_display 2.MOV__00:09:00,indoorvideos,video-481_singular_display 2.MOV,00:09:00,00:10:00,reach_and_pinch,42.0,0,0,Pinch,,0,Hand reaches the knob and slides the drawer open. 
indoorvideos__video-481_singular_display 2.MOV__00:10:00,indoorvideos,video-481_singular_display 2.MOV,00:10:00,00:11:00,slide_towards,51.0,0,0,Pinch,,0,The drawer is opened and slides toward the body. 
indoorvideos__video-481_singular_display 2.MOV__00:11:00,indoorvideos,video-481_singular_display 2.MOV,00:11:00,00:12:00,reach_and_pinch,42.0,0,0,Pinch,,0,Hand reaches the knob and slides the drawer open. 
indoorvideos__video-481_singular_display 2.MOV__00:12:00,indoorvideos,video-481_singular_display 2.MOV,00:12:00,00:13:00,slide_towards,51.0,0,0,Pinch,,0,The drawer is opened and slides toward the body. 
indoorvideos__video-481_singular_display 2.MOV__00:13:00,indoorvideos,video-481_singular_display 2.MOV,00:13:00,00:15:00,reach_and_pinch,42.0,0,1,Pinch,,0,Hands reach for the cabinet and pinch both of the knobs 
indoorvideos__video-481_singular_display 2.MOV__00:15:00,indoorvideos,video-481_singular_display 2.MOV,00:15:00,00:16:00,swing_open,54.0,0,1,Pinch,,0,Both cabinat doors are opened together. 
indoorvideos__video-481_singular_display 2.MOV__00:16:00,indoorvideos,video-481_singular_display 2.MOV,00:16:00,00:17:00,swing_closed,53.0,0,1,Pinch,,0,Both cabinet doors are closed together. 
indoorvideos__video-481_singular_display 2.MOV__00:17:00,indoorvideos,video-481_singular_display 2.MOV,00:17:00,00:19:00,retract_hand,46.0,0,0,Pinch,,0,Hands are moved out of view. 
indoorvideos__video-483_singular_display.MOV__00:00:00,indoorvideos,video-483_singular_display.MOV,00:00:00,00:04:00,reach_and_grasp,38.0,0,0,Power,Vacuum,0,Hand gripped around the handle of the vacuum. 
indoorvideos__video-483_singular_display.MOV__00:04:00,indoorvideos,video-483_singular_display.MOV,00:04:00,00:37:00,move_object_singular,24.0,0,0,Unknown,,0,Vacuum is being gripped and moved around the room. 
indoorvideos__video-539_singular_display.mov__00:00:00,indoorvideos,video-539_singular_display.mov,00:00:00,00:03:00,reach_and_grasp,38.0,0,1,Power,Jar,1,One hand is grippign the base of the jar and the other is gripping the lid. 
indoorvideos__video-539_singular_display.mov__00:03:00,indoorvideos,video-539_singular_display.mov,00:03:00,00:05:00,rotate_anti_clockwise,47.0,0,1,Power,,0,Hand on the lid is rotated to open the jar. 
indoorvideos__video-539_singular_display.mov__00:05:00,indoorvideos,video-539_singular_display.mov,00:05:00,00:08:00,lift_lid,15.0,0,0,Pinch,,0,The lide of the jar is lifted from the jar. 
indoorvideos__video-541_singular_display.mov__00:00:00,indoorvideos,video-541_singular_display.mov,00:00:00,00:02:00,reach_and_grasp_handle,39.0,0,0,Power,Dish Washer,0,Hand reaches fro the handle of the dish washer. 
indoorvideos__video-541_singular_display.mov__00:02:00,indoorvideos,video-541_singular_display.mov,00:02:00,00:04:00,swing_open,54.0,0,0,Power,,0,Hand pulls down the dish washer door. 
indoorvideos__video-541_singular_display.mov__00:04:00,indoorvideos,video-541_singular_display.mov,00:04:00,00:05:00,push_down,33.0,0,0,Power,,0,Hand firmly pressed down on the door to fully open it on the inside of the door. 
indoorvideos__video-541_singular_display.mov__00:05:00,indoorvideos,video-541_singular_display.mov,00:05:00,00:06:00,reach_and_grasp,38.0,0,0,Power,,0,Reaches for a dish washign rack.
indoorvideos__video-541_singular_display.mov__00:06:00,indoorvideos,video-541_singular_display.mov,00:06:00,00:07:00,slide_towards,51.0,0,0,Power,,0,The rack is pulled open and towards body. 
indoorvideos__video-541_singular_display.mov__00:07:00,indoorvideos,video-541_singular_display.mov,00:07:00,00:08:00,retract_hand,46.0,0,0,Unknown,,0,Hand is fully removed. 
indoorvideos__video-543_singular_display.mov__00:00:00,indoorvideos,video-543_singular_display.mov,00:00:00,00:01:00,reach_and_pinch,42.0,0,0,Pinch,Spoon/Pot,0,One hand reaches for the wooden spoon. 
indoorvideos__video-543_singular_display.mov__00:01:00,indoorvideos,video-543_singular_display.mov,00:01:00,00:02:00,lift_object,16.0,1,0,Pinch,,0,Hand lifts the wooden spoon from counter. 
indoorvideos__video-543_singular_display.mov__00:02:00,indoorvideos,video-543_singular_display.mov,00:02:00,00:03:00,lower_object,20.0,1,0,Pinch,,0,Hand lowers it into pot
indoorvideos__video-543_singular_display.mov__00:03:00,indoorvideos,video-543_singular_display.mov,00:03:00,00:04:00,reach_and_grasp,38.0,0,0,Power,,0,Other hand grabs the handle of the pot to stabilize it. 
indoorvideos__video-543_singular_display.mov__00:04:00,indoorvideos,video-543_singular_display.mov,00:04:00,00:11:00,circular_sweep,1.0,0,0,Power,,0,Hand with the spoon stirs the pasta in the pot. 
indoorvideos__video-545_singular_display.MOV__00:00:00,indoorvideos,video-545_singular_display.MOV,00:00:00,00:02:00,reach_and_grasp,38.0,0,0,Power,Glass Pasta Suace Jar,1,Hand reaches for the pasta sauce jar.
indoorvideos__video-545_singular_display.MOV__00:02:00,indoorvideos,video-545_singular_display.MOV,00:02:00,00:03:00,lift_object,16.0,0,0,Power,,0,The sauce jar is lifted from the counter with one hand wrapped around it. 
indoorvideos__video-545_singular_display.MOV__00:03:00,indoorvideos,video-545_singular_display.MOV,00:03:00,00:04:00,move_object_singular,24.0,0,0,Power,,0,Jar is then moved towards the pot and is moved above the pot. 
indoorvideos__video-545_singular_display.MOV__00:03:00,indoorvideos,video-545_singular_display.MOV,00:03:00,00:07:00,tilt_to_pour,58.0,0,0,Power,,0,Jar is then titled and the sauce is poured into the pot
indoorvideos__video-545_singular_display.MOV__00:07:00,indoorvideos,video-545_singular_display.MOV,00:07:00,00:10:00,shake_to_empty,49.0,0,0,Power,,0,Jar is shaked in a up and down motion until all the sauce is removed from the jar. 
indoorvideos__video-545_singular_display.MOV__00:10:00,indoorvideos,video-545_singular_display.MOV,00:10:00,00:11:00,move_object_singular,24.0,0,0,Power,,0,Jar is then brought to original position. 
indoorvideos__video-545_singular_display.MOV__00:11:00,indoorvideos,video-545_singular_display.MOV,00:11:00,00:12:00,lower_object,20.0,0,0,Power,,0,Jar is set down on the counter. 
indoorvideos__video-545_singular_display.MOV__00:12:00,indoorvideos,video-545_singular_display.MOV,00:12:00,00:13:00,retract_hand,46.0,0,0,Unknown,,0,Hand is remvoed from view. 
indoorvideos__video-547_singular_display.MOV__00:00:00,indoorvideos,video-547_singular_display.MOV,00:00:00,00:02:00,stabilize_object,52.0,0,0,Power,Tongs/Pan,0,One hand is holding pan steady with drumsticks on it. 
indoorvideos__video-547_singular_display.MOV__00:02:00,indoorvideos,video-547_singular_display.MOV,00:02:00,00:03:00,reach_and_actuate_tool,36.0,0,0,Power,,0,One hand reaches for the tongs 
indoorvideos__video-547_singular_display.MOV__00:03:00,indoorvideos,video-547_singular_display.MOV,00:03:00,00:05:00,tool_grasp_object,59.0,0,0,Power,,0,The tongs are pinched in order to pick up a chicken drum stick. 
indoorvideos__video-547_singular_display.MOV__00:05:00,indoorvideos,video-547_singular_display.MOV,00:05:00,00:06:00,lift_object,16.0,0,0,Power,,0,The tongs are used to lift the dumstick from the pan. 
indoorvideos__video-547_singular_display.MOV__00:06:00,indoorvideos,video-547_singular_display.MOV,00:06:00,00:07:00,lower_and_place,19.0,0,0,Power,,0,The tongs are used to take the tongs to the plate from the pan. 
indoorvideos__video-547_singular_display.MOV__00:07:00,indoorvideos,video-547_singular_display.MOV,00:07:00,00:08:00,lift_object,16.0,0,0,Power,,0,The tongs are used to lift the dumstick from the pan. 
indoorvideos__video-547_singular_display.MOV__00:08:00,indoorvideos,video-547_singular_display.MOV,00:08:00,00:09:00,lower_and_place,19.0,0,0,Power,,0,The tongs are used to take the tongs to the plate from the pan.
indoorvideos__video-547_singular_display.MOV__00:09:00,indoorvideos,video-547_singular_display.MOV,00:09:00,00:10:00,lift_object,16.0,0,0,Power,,0,The tongs are used to lift the dumstick from the pan. 
indoorvideos__video-547_singular_display.MOV__00:10:00,indoorvideos,video-547_singular_display.MOV,00:10:00,00:13:00,lower_and_place,19.0,0,0,Power,,0,The tongs are used to take the tongs to the plate from the pan.
indoorvideos__video-547_singular_display.MOV__00:13:00,indoorvideos,video-547_singular_display.MOV,00:13:00,00:14:00,lift_object,16.0,0,0,Power,,0,The tongs are used to lift the dumstick from the pan. 
indoorvideos__video-547_singular_display.MOV__00:14:00,indoorvideos,video-547_singular_display.MOV,00:14:00,00:16:00,lower_object,20.0,0,0,Power,,0,The tongs are used to take the tongs to the plate from the pan.
indoorvideos__video-547_singular_display.MOV__00:16:00,indoorvideos,video-547_singular_display.MOV,00:16:00,00:17:00,retract_hand,46.0,0,0,Unknown,,0,Hands are then retracted from view. 
indoorvideos__video-549_singular_display.MOV__00:00:00,indoorvideos,video-549_singular_display.MOV,00:00:00,00:02:00,reach_and_grasp_pan,40.0,0,0,Power,Metal Pan/Spoon,0,Hand reaches for the handle of the pot and grasps it. 
indoorvideos__video-549_singular_display.MOV__00:02:00,indoorvideos,video-549_singular_display.MOV,00:02:00,00:04:00,lift_pan_with_spoon_entry,17.0,0,0,Power,,0,Pot has the spoon on the inside.
indoorvideos__video-549_singular_display.MOV__00:04:00,indoorvideos,video-549_singular_display.MOV,00:04:00,00:05:00,move_to_sink_position,27.0,1,1,Power,,0,Move the pot to over the sink. 
indoorvideos__video-549_singular_display.MOV__00:05:00,indoorvideos,video-549_singular_display.MOV,00:05:00,00:07:00,position_spoon_block,28.0,1,1,Power,,0,The spoon is then lifted to block the water inside the pot. 
indoorvideos__video-549_singular_display.MOV__00:07:00,indoorvideos,video-549_singular_display.MOV,00:07:00,00:17:00,tilt_and_stabilize_pasta,56.0,1,1,Power,,0,The pot is then titled so that the water is removed from the pot and the spoon is still used to block the water. 
indoorvideos__video-549_singular_display.MOV__00:17:00,indoorvideos,video-549_singular_display.MOV,00:17:00,00:19:00,move_pan_upright,26.0,1,1,Power,,0,The pan moved upwright and spoon is still in hand. 
indoorvideos__video-549_singular_display.MOV__00:19:00,indoorvideos,video-549_singular_display.MOV,00:19:00,00:21:00,tilt_and_stabilize_pasta,56.0,1,1,Power,,0,The pan is tilted again to remove all the water 
indoorvideos__video-549_singular_display.MOV__00:22:00,indoorvideos,video-549_singular_display.MOV,00:22:00,00:23:00,move_pan_upright,26.0,1,1,Power,,0,The pan is moved upright. 
indoorvideos__video-557_singular_display.MOV__00:00:00,indoorvideos,video-557_singular_display.MOV,00:00:00,00:03:00,reach_and_grasp,38.0,0,0,Power,Dishes ,1,Hand reaches fro a dish.
indoorvideos__video-557_singular_display.MOV__00:03:00,indoorvideos,video-557_singular_display.MOV,00:03:00,00:05:00,lift_object,16.0,0,1,Power,,0,Dish is lifted from dishwasher. 
indoorvideos__video-557_singular_display.MOV__00:05:00,indoorvideos,video-557_singular_display.MOV,00:05:00,00:07:00,lower_object,20.0,0,0,Power,,0,Dish is lowered into cabinet. 
indoorvideos__video-557_singular_display.MOV__00:07:00,indoorvideos,video-557_singular_display.MOV,00:07:00,00:08:00,lift_object,16.0,0,1,Power,,0,Dish is lifted from dishwasher. 
indoorvideos__video-557_singular_display.MOV__00:08:00,indoorvideos,video-557_singular_display.MOV,00:08:00,00:09:00,lower_object,20.0,1,1,Power,,0,Dish is lowered into cabinet. 
indoorvideos__video-557_singular_display.MOV__00:09:00,indoorvideos,video-557_singular_display.MOV,00:09:00,00:10:00,lift_object,16.0,0,1,Power,,0,Dish is lifted from dishwasher. 
indoorvideos__video-557_singular_display.MOV__00:10:00,indoorvideos,video-557_singular_display.MOV,00:10:00,00:13:00,lower_object,20.0,1,1,Power,,0,Dish is lowered into cabinet. 
indoorvideos__video-557_singular_display.MOV__00:13:00,indoorvideos,video-557_singular_display.MOV,00:13:00,00:15:00,lift_object,16.0,0,1,Power,,0,Dish is lifted from dishwasher. 
indoorvideos__video-557_singular_display.MOV__00:15:00,indoorvideos,video-557_singular_display.MOV,00:15:00,00:17:00,lower_object,20.0,1,1,Power,,0,Dish is lowered into cabinet. 
indoorvideos__video-557_singular_display.MOV__00:17:00,indoorvideos,video-557_singular_display.MOV,00:17:00,00:22:00,lift_object,16.0,0,1,Power,,0,Two dishes are lifted. 
indoorvideos__video-579_singular_display.MOV__00:00:00,indoorvideos,video-579_singular_display.MOV,00:00:00,00:08:00,dual_reach_and_grasp,7.0,0,1,Power,,0,Both hands reach for the utensils and grab all needed. 
indoorvideos__video-579_singular_display.MOV__00:08:00,indoorvideos,video-579_singular_display.MOV,00:08:00,00:10:00,dual_lift_objects,4.0,0,1,Power,,0,Object are lifted upwards final destination. 
indoorvideos__video-579_singular_display.MOV__00:10:00,indoorvideos,video-579_singular_display.MOV,00:10:00,00:11:00,dual_move_objects,6.0,0,1,Power,,0,Objects are being moved.
indoorvideos__video-579_singular_display.MOV__00:11:00,indoorvideos,video-579_singular_display.MOV,00:11:00,00:23:00,dual_lower_and_place,5.0,0,1,Power,,0,Objects are being placed inside the desired place. 
indoorvideos__video-579_singular_display.MOV__00:23:00,indoorvideos,video-579_singular_display.MOV,00:23:00,00:24:00,retract_hand,46.0,0,0,Unknown,,0,Hands are being retracted. 
indoorvideos__video-581_singular_display.MOV__00:00:00,indoorvideos,video-581_singular_display.MOV,00:00:00,00:04:00,reach_and_grasp,38.0,0,0,Pinch,Dishes ,1,Hand reaches for the dishwasher and slides the tray towards them that is filled with dishes. 
indoorvideos__video-581_singular_display.MOV__00:04:00,indoorvideos,video-581_singular_display.MOV,00:04:00,00:05:00,slide_towards,51.0,0,0,Pinch,,0,Tray is opened. 
indoorvideos__video-581_singular_display.MOV__00:05:00,indoorvideos,video-581_singular_display.MOV,00:05:00,00:06:00,retract_hand,46.0,0,0,Unknown,,0,Hand is retratced. 
indoorvideos__video-581_singular_display.MOV__00:06:00,indoorvideos,video-581_singular_display.MOV,00:06:00,00:08:00,reach_and_grasp,38.0,0,1,Power,,0,Hand reach for a glass cup.
indoorvideos__video-581_singular_display.MOV__00:08:00,indoorvideos,video-581_singular_display.MOV,00:08:00,00:09:00,lift_object,16.0,0,1,Power,,0,Hand lifts the glass cup up from the tray and grips it fully. 
indoorvideos__video-581_singular_display.MOV__00:09:00,indoorvideos,video-581_singular_display.MOV,00:09:00,00:10:00,reach_and_grasp,38.0,0,1,Power,,0,Hand reach for a glass cup.
indoorvideos__video-581_singular_display.MOV__00:10:00,indoorvideos,video-581_singular_display.MOV,00:10:00,00:12:00,lift_object,16.0,0,1,Power,,0,Hand lifts the glass cup up from the tray and grips it fully. 
indoorvideos__video-581_singular_display.MOV__00:12:00,indoorvideos,video-581_singular_display.MOV,00:12:00,00:13:00,lower_object,20.0,1,1,Unknown,,0,Both cups are lowered into the cabinet. 
indoorvideos__video-581_singular_display.MOV__00:13:00,indoorvideos,video-581_singular_display.MOV,00:13:00,00:14:00,retract_hand,46.0,0,0,Power,,0,Hand is retratced. 
indoorvideos__video-581_singular_display.MOV__00:14:00,indoorvideos,video-581_singular_display.MOV,00:14:00,00:16:00,reach_and_grasp,38.0,0,1,Power,,0,Hand reach for a glass cup.
indoorvideos__video-581_singular_display.MOV__00:16:00,indoorvideos,video-581_singular_display.MOV,00:16:00,00:17:00,lift_object,16.0,0,1,Power,,0,Hand lifts the glass cup up from the tray and grips it fully. 
indoorvideos__video-581_singular_display.MOV__00:17:00,indoorvideos,video-581_singular_display.MOV,00:17:00,00:19:00,lower_object,20.0,1,1,Power,,0,Both cups are lowered into the cabinet. 
indoorvideos__video-581_singular_display.MOV__00:19:00,indoorvideos,video-581_singular_display.MOV,00:19:00,00:20:00,retract_hand,46.0,0,0,Unknown,,0,Hand is retratced. 
indoorvideos__video-581_singular_display.MOV__00:20:00,indoorvideos,video-581_singular_display.MOV,00:20:00,00:21:00,lift_object,16.0,0,1,Power,,0,Hand lifts the glass cup up from the tray and grips it fully. 
indoorvideos__video-581_singular_display.MOV__00:21:00,indoorvideos,video-581_singular_display.MOV,00:21:00,00:26:00,lower_object,20.0,1,1,Power,,0,Both cups are lowered into the cabinet. 
indoorvideos__video-581_singular_display.MOV__00:26:00,indoorvideos,video-581_singular_display.MOV,00:26:00,00:27:00,lift_object,16.0,0,1,Power,,0,Hand lifts the glass cup up from the tray and grips it fully. 
indoorvideos__video-581_singular_display.MOV__00:27:00,indoorvideos,video-581_singular_display.MOV,00:27:00,00:36:00,lower_object,20.0,1,1,Power,,0,Both cups are lowered into the cabinet. 
indoorvideos__video-581_singular_display.MOV__00:36:00,indoorvideos,video-581_singular_display.MOV,00:36:00,00:37:00,retract_hand,46.0,0,0,Unknown,,0,Hand is retratced. 
indoorvideos__video-583_singular_display.MOV__00:00:00,indoorvideos,video-583_singular_display.MOV,00:00:00,00:05:00,reach_and_grasp_handle,39.0,0,0,Power,,1,Hand reached for handle of dishwasher. 
indoorvideos__video-583_singular_display.MOV__00:05:00,indoorvideos,video-583_singular_display.MOV,00:05:00,00:06:00,swing_open,54.0,0,0,Power,,0,Opens the dishwasher door and pushes it down. 
indoorvideos__video-583_singular_display.MOV__00:06:00,indoorvideos,video-583_singular_display.MOV,00:06:00,00:07:00,reach_and_grasp,38.0,0,0,Pinch,,0,Reached for the tray in the dishwasher. 
indoorvideos__video-583_singular_display.MOV__00:07:00,indoorvideos,video-583_singular_display.MOV,00:07:00,00:09:00,slide_towards,51.0,0,0,Pinch,,0,Slides open the tray. 
indoorvideos__video-583_singular_display.MOV__00:09:00,indoorvideos,video-583_singular_display.MOV,00:09:00,00:10:00,lift_object,16.0,0,1,Power,,0,Hands lifts a glass plate from the rack. 
indoorvideos__video-583_singular_display.MOV__00:10:00,indoorvideos,video-583_singular_display.MOV,00:10:00,00:12:00,lower_and_place,19.0,0,1,Power,,0,Hand places the plate on the counter above the dishwasher. 
indoorvideos__video-583_singular_display.MOV__00:12:00,indoorvideos,video-583_singular_display.MOV,00:12:00,00:14:00,lift_object,16.0,0,1,Power,,0,Hands lifts a glass plate from the rack
indoorvideos__video-583_singular_display.MOV__00:14:00,indoorvideos,video-583_singular_display.MOV,00:14:00,00:15:00,lower_and_place,19.0,0,1,Power,,0,Hand places the plate on top of the other plate. 
indoorvideos__video-583_singular_display.MOV__00:15:00,indoorvideos,video-583_singular_display.MOV,00:15:00,00:17:00,lift_object,16.0,0,1,Power,,0,Hands lifts a glass plate from the rack
indoorvideos__video-583_singular_display.MOV__00:17:00,indoorvideos,video-583_singular_display.MOV,00:17:00,00:19:00,lower_and_place,19.0,0,1,Power,,0,Hand places the plate on top of the other plate. 
indoorvideos__video-583_singular_display.MOV__00:19:00,indoorvideos,video-583_singular_display.MOV,00:19:00,00:21:00,lift_object,16.0,0,1,Power,,0,Hands lifts a glass plate from the rack
indoorvideos__video-583_singular_display.MOV__00:21:00,indoorvideos,video-583_singular_display.MOV,00:21:00,00:24:00,lower_and_place,19.0,0,1,Power,,0,Hand places the plate on top of the other plate. 
indoorvideos__video-583_singular_display.MOV__00:24:00,indoorvideos,video-583_singular_display.MOV,00:24:00,00:26:00,lift_object,16.0,0,1,Power,,0,Hand lifts a metal pot from the rack. 
indoorvideos__video-583_singular_display.MOV__00:26:00,indoorvideos,video-583_singular_display.MOV,00:26:00,00:28:00,lower_and_place,19.0,0,1,Power,,0,Hand lowers the pot and places it on top of the plates. 
indoorvideos__video-583_singular_display.MOV__00:28:00,indoorvideos,video-583_singular_display.MOV,00:28:00,00:29:00,lift_object,16.0,0,1,Power,,0,Hand reaches for the lid of the pot. 
indoorvideos__video-583_singular_display.MOV__00:29:00,indoorvideos,video-583_singular_display.MOV,00:29:00,00:32:00,lower_and_place,19.0,0,1,Power,,0,hands place the lid on top of the pot 
indoorvideos__video-583_singular_display.MOV__00:32:00,indoorvideos,video-583_singular_display.MOV,00:32:00,00:34:00,lift_object,16.0,0,1,Power,,0,Hand reaches for the a vase. 
indoorvideos__video-585_singular_display.MOV__00:00:00,indoorvideos,video-585_singular_display.MOV,00:00:00,00:05:00,lift_object,16.0,0,1,Power,Dishes,0,Utensil in the sink is lifted
indoorvideos__video-585_singular_display.MOV__00:05:00,indoorvideos,video-585_singular_display.MOV,00:05:00,00:06:00,lower_object,20.0,0,1,Power,,0,The Utensil is placed in the dishwasher
indoorvideos__video-585_singular_display.MOV__00:06:00,indoorvideos,video-585_singular_display.MOV,00:06:00,00:09:00,lift_object,16.0,0,1,Power,,0,Utensil in the sink is lifted
indoorvideos__video-585_singular_display.MOV__00:09:00,indoorvideos,video-585_singular_display.MOV,00:09:00,00:10:00,lower_object,20.0,0,1,Power,,0,The Utensil is placed in the dishwasher
indoorvideos__video-585_singular_display.MOV__00:10:00,indoorvideos,video-585_singular_display.MOV,00:10:00,00:14:00,lift_object,16.0,0,1,Power,,0,Dish is lifted from the sink 
indoorvideos__video-585_singular_display.MOV__00:14:00,indoorvideos,video-585_singular_display.MOV,00:14:00,00:23:00,lower_object,20.0,0,1,Power,,0,Dish is placed in teh dishwasher
indoorvideos__video-585_singular_display.MOV__00:23:00,indoorvideos,video-585_singular_display.MOV,00:23:00,00:27:00,lift_object,16.0,0,1,Power,,0,Dish is lifted from the sink 
indoorvideos__video-585_singular_display.MOV__00:27:00,indoorvideos,video-585_singular_display.MOV,00:27:00,00:28:00,lower_object,20.0,0,1,Power,,0,Dish is lowered into the dishwasher
indoorvideos__video-585_singular_display.MOV__00:28:00,indoorvideos,video-585_singular_display.MOV,00:28:00,00:29:00,lift_object,16.0,0,1,Power,,0,Pan is lifted from the sink
indoorvideos__video-585_singular_display.MOV__00:29:00,indoorvideos,video-585_singular_display.MOV,00:29:00,00:30:00,tilt_object,57.0,0,1,Power,,0,Pan is tilted in the sink.
indoorvideos__video-585_singular_display.MOV__00:30:00,indoorvideos,video-585_singular_display.MOV,00:30:00,00:33:00,reach_and_grasp,38.0,0,1,Power,,0,The hand reaches for the handle to the faucet
indoorvideos__video-585_singular_display.MOV__00:33:00,indoorvideos,video-585_singular_display.MOV,00:33:00,00:36:00,lift_upwards,18.0,0,1,Power,,0,The handle is lifted up 
indoorvideos__video-585_singular_display.MOV__00:36:00,indoorvideos,video-585_singular_display.MOV,00:36:00,00:37:00,tilt_object,57.0,0,1,Power,,0,Object is tilted in the sink
indoorvideos__video-585_singular_display.MOV__00:37:00,indoorvideos,video-585_singular_display.MOV,00:37:00,00:41:00,lower_object,20.0,0,1,Power,,0,Object is placed in teh dishwasher 
indoorvideos__video-585_singular_display.MOV__00:41:00,indoorvideos,video-585_singular_display.MOV,00:41:00,00:44:00,push_away,32.0,0,1,Pinch,,0,The tray in the dishwasher is puased inside 
indoorvideos__video-585_singular_display.MOV__00:44:00,indoorvideos,video-585_singular_display.MOV,00:44:00,00:47:00,close_door,2.0,0,1,Power,,0,The dishwasher door is closed. 
indoorvideos__video-601_singular_display.MOV__00:00:00,indoorvideos,video-601_singular_display.MOV,00:00:00,00:02:00,reach_and_grasp,38.0,0,0,Power,,0,Hand reaches for the bag of coffee beans. 
indoorvideos__video-601_singular_display.MOV__00:02:00,indoorvideos,video-601_singular_display.MOV,00:02:00,00:03:00,lift_object,16.0,0,1,Power,,0,Bag is lifted. 
indoorvideos__video-601_singular_display.MOV__00:03:00,indoorvideos,video-601_singular_display.MOV,00:03:00,00:10:00,tilt_object,57.0,0,1,Power,,0,Bag is titlted on top of coffee grinder
indoorvideos__video-601_singular_display.MOV__00:10:00,indoorvideos,video-601_singular_display.MOV,00:10:00,00:11:00,lower_object,20.0,0,1,Power,,0,The bag is lowered onto the counter
indoorvideos__video-601_singular_display.MOV__00:11:00,indoorvideos,video-601_singular_display.MOV,00:11:00,00:14:00,reach_and_orient,41.0,0,1,Power,,0,The lid of the coffee bean is then placed onto the ginder
indoorvideos__video-601_singular_display.MOV__00:14:00,indoorvideos,video-601_singular_display.MOV,00:14:00,00:28:00,push_down,33.0,0,1,Power,,0,The lid is pushed down with both hands
indoorvideos__video-601_singular_display.MOV__00:28:00,indoorvideos,video-601_singular_display.MOV,00:28:00,00:29:00,retract_hand,46.0,0,0,Unknown,,0,Hands is retracted. 
indoorvideos__video-603_singular_display.MOV__00:00:00,indoorvideos,video-603_singular_display.MOV,00:00:00,00:04:00,reach_and_grasp,38.0,0,0,Power,,0,Bag of beans were picked up. 
indoorvideos__video-603_singular_display.MOV__00:04:00,indoorvideos,video-603_singular_display.MOV,00:04:00,00:05:00,lift_object,16.0,0,1,Power,,0,The bag is lifted
indoorvideos__video-603_singular_display.MOV__00:05:00,indoorvideos,video-603_singular_display.MOV,00:05:00,00:14:00,tilt_object,57.0,1,1,Power,,0,The bag is then tilted above the coffee grinder 
indoorvideos__video-603_singular_display.MOV__00:14:00,indoorvideos,video-603_singular_display.MOV,00:14:00,00:16:00,lower_object,20.0,1,1,Power,,0,The bag is then lowered onto the counter.
indoorvideos__video-603_singular_display.MOV__00:16:00,indoorvideos,video-603_singular_display.MOV,00:16:00,00:22:00,lift_object,16.0,0,1,Power,,0,The bag is lifted once more
indoorvideos__video-603_singular_display.MOV__00:22:00,indoorvideos,video-603_singular_display.MOV,00:22:00,00:23:00,tilt_object,57.0,0,1,Power,,0,The bag is then tilted over the grinder. 
indoorvideos__video-603_singular_display.MOV__00:23:00,indoorvideos,video-603_singular_display.MOV,00:23:00,00:27:00,lower_object,20.0,0,0,Power,,0,Bag is then lowered onto the counter. 
indoorvideos__video-603_singular_display.MOV__00:27:00,indoorvideos,video-603_singular_display.MOV,00:27:00,00:32:00,reach_and_orient,41.0,0,1,Power,,0,The lid is placed onto the grinder
indoorvideos__video-603_singular_display.MOV__00:32:00,indoorvideos,video-603_singular_display.MOV,00:32:00,00:34:00,lift_object,16.0,0,1,Power,,0,The lid then picked up and placed on teh counter. 
indoorvideos__video-695_singular_display.MOV__00:00:00,indoorvideos,video-695_singular_display.MOV,00:00:00,00:04:00,move_and_orient_glass,21.0,0,1,Unknown,,0,Glass is lifted 
indoorvideos__video-695_singular_display.MOV__00:04:00,indoorvideos,video-695_singular_display.MOV,00:04:00,00:07:00,insert_into_rack,12.0,1,1,Pinch,Glass Wine Glasses,1,Glass is inserted into the wine rack. 
indoorvideos__video-695_singular_display.MOV__00:07:00,indoorvideos,video-695_singular_display.MOV,00:07:00,00:08:00,dual_slide_and_place,8.0,1,1,Power,,0,Glass is moved towards the front of the wine rack. 
indoorvideos__video-695_singular_display.MOV__00:08:00,indoorvideos,video-695_singular_display.MOV,00:08:00,00:10:00,insert_into_rack,12.0,1,1,Power,,0,Glass is inserted into the wine rack. 
indoorvideos__video-695_singular_display.MOV__00:10:00,indoorvideos,video-695_singular_display.MOV,00:10:00,00:12:00,dual_slide_and_place,8.0,1,1,Power,,0,Glass is moved towards the front of the rack. 
indoorvideos__video-695_singular_display.MOV__00:12:00,indoorvideos,video-695_singular_display.MOV,00:12:00,00:14:00,retract_hand,46.0,0,0,Unknown,,0,Hand is retratced. 
indoorvideos__video-697_singular_display.MOV__00:00:00,indoorvideos,video-697_singular_display.MOV,00:00:00,00:03:00,reach_and_graso_handle,37.0,0,0,Pinch,Sheets/Towels ,0,The dryer handle is approached. 
indoorvideos__video-697_singular_display.MOV__00:03:00,indoorvideos,video-697_singular_display.MOV,00:03:00,00:04:00,pull_towards,30.0,0,0,Lateral,,0,The dryer door is opened 
indoorvideos__video-697_singular_display.MOV__00:04:00,indoorvideos,video-697_singular_display.MOV,00:04:00,00:06:00,reach_and_grasp,38.0,1,1,Power,,0,The sheets in the washer below are reached for. 
indoorvideos__video-697_singular_display.MOV__00:06:00,indoorvideos,video-697_singular_display.MOV,00:06:00,00:08:00,lift_object,16.0,1,1,Power,,0,Sheets are lifted up towards the dryer. 
indoorvideos__video-697_singular_display.MOV__00:08:00,indoorvideos,video-697_singular_display.MOV,00:08:00,00:12:00,push_towards,34.0,1,1,Power,,0,Sheets are thrown into the dryer. 
indoorvideos__video-697_singular_display.MOV__00:12:00,indoorvideos,video-697_singular_display.MOV,00:12:00,00:15:00,reach_and_grasp,38.0,1,1,Power,,0,Towels are reached for in the washer. 
indoorvideos__video-697_singular_display.MOV__00:15:00,indoorvideos,video-697_singular_display.MOV,00:15:00,00:18:00,lift_object,16.0,1,1,Power,,0,The towel is lefted upwards
indoorvideos__video-697_singular_display.MOV__00:18:00,indoorvideos,video-697_singular_display.MOV,00:18:00,00:19:00,push_towards,34.0,1,1,Power,,0,The towel is pushed into the dryer fully. 
indoorvideos__video-697_singular_display.MOV__00:19:00,indoorvideos,video-697_singular_display.MOV,00:19:00,00:20:00,reach_and_grasp,38.0,1,1,Power,,0,Another towel is reached fro below. 
indoorvideos__video-697_singular_display.MOV__00:20:00,indoorvideos,video-697_singular_display.MOV,00:20:00,00:22:00,lift_object,16.0,1,1,Power,,0,Towel is lefted upwards toward the dryer. 
indoorvideos__video-697_singular_display.MOV__00:22:00,indoorvideos,video-697_singular_display.MOV,00:22:00,00:24:00,push_towards,34.0,1,1,Power,,0,Towel is pushed into the dryer. 
indoorvideos__video-697_singular_display.MOV__00:24:00,indoorvideos,video-697_singular_display.MOV,00:24:00,00:26:00,reach_and_grasp,38.0,1,1,Power,,0,Another piece is reached for from teh washer. 
indoorvideos__video-697_singular_display.MOV__00:26:00,indoorvideos,video-697_singular_display.MOV,00:26:00,00:27:00,lift_object,16.0,1,1,Power,,0,Another piece is lifted towards teh dryer. 
indoorvideos__video-697_singular_display.MOV__00:27:00,indoorvideos,video-697_singular_display.MOV,00:27:00,00:29:00,push_towards,34.0,1,1,Power,,0,The piece is pushed into the dryer. 
indoorvideos__video-697_singular_display.MOV__00:29:00,indoorvideos,video-697_singular_display.MOV,00:29:00,00:31:00,reach_and_grasp,38.0,1,1,Power,,0,Piece is lifted towards the dryer. 
indoorvideos__video-697_singular_display.MOV__00:31:00,indoorvideos,video-697_singular_display.MOV,00:31:00,00:34:00,push_towards,34.0,1,1,Power,,0,Piece is pushed in. 
indoorvideos__video-697_singular_display.MOV__00:34:00,indoorvideos,video-697_singular_display.MOV,00:34:00,00:37:00,lower_and_place,19.0,1,1,Power,,0,Piece is lowerd into the dryer. 
indoorvideos__video-697_singular_display.MOV__00:37:00,indoorvideos,video-697_singular_display.MOV,00:37:00,00:39:00,retract_hand,46.0,0,0,Unknown,,0,Hand is retracted. 
indoorvideos__video-697_singular_display.MOV__00:39:00,indoorvideos,video-697_singular_display.MOV,00:39:00,00:40:00,reach_and grasp,35.0,1,1,Power,Clothes,0,Lid is reached for for the washer. 
indoorvideos__video-697_singular_display.MOV__00:40:00,indoorvideos,video-697_singular_display.MOV,00:40:00,00:41:00,close_lid,3.0,1,1,Power,,0,Washer lid is fully closed. 
indoorvideos__video-699_singular_display.MOV__00:00:00,indoorvideos,video-699_singular_display.MOV,00:00:00,00:03:00,reach_and_grasp_handle,39.0,0,0,Pinch,,0,Hand reaches for the handle and pinches it. 
indoorvideos__video-699_singular_display.MOV__00:03:00,indoorvideos,video-699_singular_display.MOV,00:03:00,00:04:00,swing_open,54.0,0,0,Pinch,,0,Hand swings the dyer door open. 
indoorvideos__video-699_singular_display.MOV__00:04:00,indoorvideos,video-699_singular_display.MOV,00:04:00,00:06:00,dual_reach_and_grasp,7.0,1,1,Power,,0,Clothes in the dryer are reached for. 
indoorvideos__video-699_singular_display.MOV__00:06:00,indoorvideos,video-699_singular_display.MOV,00:06:00,00:08:00,pull_towards,30.0,1,1,Power,,0,Clothes are pulled out of the dryer. 
indoorvideos__video-699_singular_display.MOV__00:08:00,indoorvideos,video-699_singular_display.MOV,00:08:00,00:09:00,dual_lift_objects,4.0,1,1,Power,,0,Clothes are moved and are held. 
indoorvideos__video-699_singular_display.MOV__00:09:00,indoorvideos,video-699_singular_display.MOV,00:09:00,00:18:00,lower_and_place,19.0,1,1,Power,,0,Clothes are lowered in the hamper
indoorvideos__video-699_singular_display.MOV__00:18:00,indoorvideos,video-699_singular_display.MOV,00:18:00,00:22:00,dual_reach_and_grasp,7.0,1,1,Power,,0,Clothes in the dryer are reached for. 
indoorvideos__video-699_singular_display.MOV__00:22:00,indoorvideos,video-699_singular_display.MOV,00:22:00,00:24:00,pull_towards,30.0,1,1,Power,,0,Clothes are pulled out of the dryer. 
indoorvideos__video-699_singular_display.MOV__00:24:00,indoorvideos,video-699_singular_display.MOV,00:24:00,00:25:00,dual_lift_objects,4.0,1,1,Power,,0,Clothes are moved and are held. 
indoorvideos__video-699_singular_display.MOV__00:25:00,indoorvideos,video-699_singular_display.MOV,00:25:00,00:29:00,lower_and_place,19.0,1,1,Power,,0,Clothes are lowered in the hamper
indoorvideos__video-699_singular_display.MOV__00:29:00,indoorvideos,video-699_singular_display.MOV,00:29:00,00:31:00,dual_reach_and_grasp,7.0,1,1,Power,,0,Clothes in the dryer are reached for. 
indoorvideos__video-699_singular_display.MOV__00:31:00,indoorvideos,video-699_singular_display.MOV,00:31:00,00:32:00,dual_lift_objects,4.0,1,1,Power,,0,Clothes are moved and are held. 
indoorvideos__video-699_singular_display.MOV__00:33:00,indoorvideos,video-699_singular_display.MOV,00:33:00,00:34:00,lower_and_place,19.0,1,1,Power,,0,Clothes are lowered in the hamper
indoorvideos__video-699_singular_display.MOV__00:34:00,indoorvideos,video-699_singular_display.MOV,00:34:00,00:39:00,lift_object,16.0,1,1,Power,,0,Last object are lifted out of the dryer. 
indoorvideos__video-699_singular_display.MOV__00:39:00,indoorvideos,video-699_singular_display.MOV,00:39:00,00:44:00,lower_object,20.0,1,1,Power,,0,Last pieces are placed inside the hamper. 
indoorvideos__video-699_singular_display.MOV__00:44:00,indoorvideos,video-699_singular_display.MOV,00:44:00,00:47:00,retract_hand,46.0,1,1,Power,,0,Hands are retracted. 
indoorvideos__video-701_singular_display.MOV__00:00:00,indoorvideos,video-701_singular_display.MOV,00:00:00,00:07:00,lift_object,16.0,1,1,Power,Dishes,0,Multiple spoons are lifted at once. 
indoorvideos__video-701_singular_display.MOV__00:07:00,indoorvideos,video-701_singular_display.MOV,00:07:00,00:08:00,lower_object,20.0,1,1,Power,,0,The spoons are placed inside the dishwasher. 
indoorvideos__video-701_singular_display.MOV__00:08:00,indoorvideos,video-701_singular_display.MOV,00:08:00,00:09:00,reach_and_grasp,38.0,1,1,Power,,0,Dishwasher tray is reached for 
indoorvideos__video-701_singular_display.MOV__00:09:00,indoorvideos,video-701_singular_display.MOV,00:09:00,00:10:00,pull_towards,30.0,1,1,Power,,0,Dishwasher tray is opened. 
indoorvideos__video-701_singular_display.MOV__00:10:00,indoorvideos,video-701_singular_display.MOV,00:10:00,00:11:00,lift_object,16.0,1,1,Power,,0,A bowl is lifted up from the sink
indoorvideos__video-701_singular_display.MOV__00:11:00,indoorvideos,video-701_singular_display.MOV,00:11:00,00:13:00,lower_object,20.0,1,1,Power,,0,A bowl is then lowered into the dishwasher. 
indoorvideos__video-701_singular_display.MOV__00:13:00,indoorvideos,video-701_singular_display.MOV,00:13:00,00:15:00,lift_object,16.0,1,1,Power,,0,Dish is lifted from counter
indoorvideos__video-701_singular_display.MOV__00:15:00,indoorvideos,video-701_singular_display.MOV,00:15:00,00:17:00,lower_object,20.0,1,1,Power,,0,It is then lowered into the dish washer.
indoorvideos__video-701_singular_display.MOV__00:17:00,indoorvideos,video-701_singular_display.MOV,00:17:00,00:19:00,lift_object,16.0,1,1,Power,,0,Dish is lifted from counter
indoorvideos__video-701_singular_display.MOV__00:19:00,indoorvideos,video-701_singular_display.MOV,00:19:00,00:21:00,lower_object,20.0,1,1,Power,,0,It is then lowered into the dish washer.
indoorvideos__video-701_singular_display.MOV__00:21:00,indoorvideos,video-701_singular_display.MOV,00:21:00,00:23:00,lift_object,16.0,1,1,Power,,0,Dish is lifted from counter
indoorvideos__video-701_singular_display.MOV__00:23:00,indoorvideos,video-701_singular_display.MOV,00:23:00,00:24:00,lower_object,20.0,1,1,Power,,0,It is then lowered into the dish washer.
indoorvideos__video-701_singular_display.MOV__00:24:00,indoorvideos,video-701_singular_display.MOV,00:24:00,00:27:00,lift_object,16.0,1,1,Power,,0,Dish is lifted from counter
indoorvideos__video-701_singular_display.MOV__00:27:00,indoorvideos,video-701_singular_display.MOV,00:27:00,00:29:00,lower_object,20.0,1,1,Power,,0,It is then lowered into the dish washer.
indoorvideos__video-701_singular_display.MOV__00:29:00,indoorvideos,video-701_singular_display.MOV,00:29:00,00:30:00,reach_and_grasp,38.0,1,1,Power,,0,One hand reaches for the handle of the sink
indoorvideos__video-701_singular_display.MOV__00:30:00,indoorvideos,video-701_singular_display.MOV,00:30:00,00:31:00,pull_upwards,31.0,1,1,Power,,0,The handle is lifted upwards 
indoorvideos__video-701_singular_display.MOV__00:31:00,indoorvideos,video-701_singular_display.MOV,00:31:00,00:32:00,tilt_object,57.0,1,1,Power,,0,The cup is tilted over the sink 
indoorvideos__video-701_singular_display.MOV__00:32:00,indoorvideos,video-701_singular_display.MOV,00:32:00,00:33:00,pull_upwards,31.0,1,1,Power,,0,The handle is lifted upwards 
indoorvideos__video-701_singular_display.MOV__00:33:00,indoorvideos,video-701_singular_display.MOV,00:33:00,00:35:00,tilt_object,57.0,1,1,Power,,0,The cup is tilted over the sink 
indoorvideos__video-701_singular_display.MOV__00:35:00,indoorvideos,video-701_singular_display.MOV,00:35:00,00:40:00,lower_object,20.0,1,1,Power,,0,Cup is lowered into the sink 
indoorvideos__video-701_singular_display.MOV__00:40:00,indoorvideos,video-701_singular_display.MOV,00:40:00,00:44:00,lift_object,16.0,1,1,Power,,0,Dish is picked up from the counter
indoorvideos__video-701_singular_display.MOV__00:44:00,indoorvideos,video-701_singular_display.MOV,00:44:00,00:46:00,lower_object,20.0,1,1,Power,,0,Dish is placed in the dishwasher 
indoorvideos__video-701_singular_display.MOV__00:46:00,indoorvideos,video-701_singular_display.MOV,00:46:00,00:50:00,push_away,32.0,1,1,Power,,0,The tray on the dishwasher is pushed inside. 
indoorvideos__video-701_singular_display.MOV__00:50:00,indoorvideos,video-701_singular_display.MOV,00:50:00,00:53:00,close_door,2.0,1,1,Power,,0,The dishwasher door is closed. 
FruitPicking__od_video-1129_singular_display.MOV__00:00:00,FruitPicking,od_video-1129_singular_display.MOV,00:00:00,00:02:00,reach_fruit,44.0,1,1,Pinch,Orange tree,0,Both hands reach out for the fruit. 
FruitPicking__od_video-1129_singular_display.MOV__00:02:00,FruitPicking,od_video-1129_singular_display.MOV,00:02:00,00:04:00,grasp_and_twist_off,11.0,1,1,Power,,0,One hand is gripping the orange while the other is holding the branch for stability. 
FruitPicking__od_video-1129_singular_display.MOV__00:04:00,FruitPicking,od_video-1129_singular_display.MOV,00:04:00,00:06:00,transport_and_place_in_bag,60.0,1,1,Power,,0,The orange is moved away from the tree and placed in a bag. 
FruitPicking__od_video-1129_singular_display.MOV__00:06:00,FruitPicking,od_video-1129_singular_display.MOV,00:06:00,00:07:00,reach_fruit,44.0,1,1,Pinch,,0,Both hands reach out for the fruit. 
FruitPicking__od_video-1129_singular_display.MOV__00:07:00,FruitPicking,od_video-1129_singular_display.MOV,00:07:00,00:08:00,grasp_and_twist_off,11.0,1,1,Power,,0,One hand is gripping the orange while the other is holding the branch for stability. This orange was close to the other orange previously picked. 
FruitPicking__od_video-1129_singular_display.MOV__00:08:00,FruitPicking,od_video-1129_singular_display.MOV,00:08:00,00:09:00,transport_and_place_in_bag,60.0,1,1,Power,,0,The orange is moved away from the tree and placed in a bag. 
FruitPicking__od_video-1129_singular_display.MOV__00:09:00,FruitPicking,od_video-1129_singular_display.MOV,00:09:00,00:10:00,reach_fruit,44.0,1,1,Pinch,,0,Both hands reach for the fruit. This orange is higher up. 
FruitPicking__od_video-1129_singular_display.MOV__00:10:00,FruitPicking,od_video-1129_singular_display.MOV,00:10:00,00:11:00,transport_and_place_in_bag,60.0,1,1,Power,,0,The orange is moved away from the tree and placed in a bag. 
FruitPicking__od_video-1129_singular_display.MOV__00:11:00,FruitPicking,od_video-1129_singular_display.MOV,00:11:00,00:17:00,reach_fruit,44.0,1,1,Pinch,,0,Orange on the side of the tree that is higher up is reached out for. 
FruitPicking__od_video-1129_singular_display.MOV__00:17:00,FruitPicking,od_video-1129_singular_display.MOV,00:17:00,00:18:00,transport_and_place_in_bag,60.0,1,0,Power,,0,The orange is moved away from the tree and placed in a bag. 
FruitPicking__od_video-1129_singular_display.MOV__00:18:00,FruitPicking,od_video-1129_singular_display.MOV,00:18:00,00:19:00,retract_hand,46.0,0,0,Unknown,,0,Both hands are moved out of view. 
FruitPicking__od_video-1134_singular_display.MOV__00:00:00,FruitPicking,od_video-1134_singular_display.MOV,00:00:00,00:01:00,reach_fruit,44.0,0,0,Unknown,Orange tree,0,Hand reaches out for fruit. 
FruitPicking__od_video-1134_singular_display.MOV__00:01:00,FruitPicking,od_video-1134_singular_display.MOV,00:01:00,00:03:00,grasp_and_twist_off,11.0,1,1,Power,,0,One hand is gripping the orange while the other is holding the branch for stability. 
FruitPicking__od_video-1134_singular_display.MOV__00:03:00,FruitPicking,od_video-1134_singular_display.MOV,00:03:00,00:05:00,transport_and_place_in_bag,60.0,1,1,Pinch,,0,Orange is moved to the bag and let go. 
FruitPicking__od_video-1134_singular_display.MOV__00:05:00,FruitPicking,od_video-1134_singular_display.MOV,00:05:00,00:07:00,reach_fruit,44.0,1,1,Pinch,,0,Orange is being reached for. 
FruitPicking__od_video-1134_singular_display.MOV__00:07:00,FruitPicking,od_video-1134_singular_display.MOV,00:07:00,00:08:00,grasp_and_twist_off,11.0,0,1,Power,,0,Orange is bringing gripped with both hands.
FruitPicking__od_video-1134_singular_display.MOV__00:08:00,FruitPicking,od_video-1134_singular_display.MOV,00:08:00,00:10:00,transport_and_place_in_bag,60.0,1,0,Power,,0,Orange is moved away from tree and placed in bag.
FruitPicking__od_video-1134_singular_display.MOV__00:10:00,FruitPicking,od_video-1134_singular_display.MOV,00:10:00,00:12:00,reach_fruit,44.0,1,1,Unknown,,0,Two fruits are being reached for instead of one
FruitPicking__od_video-1134_singular_display.MOV__00:12:00,FruitPicking,od_video-1134_singular_display.MOV,00:12:00,00:15:00,grasp_and_twist_off,11.0,1,1,Pinch,,0,A fruit is grabbed from the lower part of the tree
FruitPicking__od_video-1134_singular_display.MOV__00:15:00,FruitPicking,od_video-1134_singular_display.MOV,00:15:00,00:17:00,transport_and_place_in_bag,60.0,1,1,Power,,0,The orange is moved away from the tree and placed in the bag. 
FruitPicking__od_video-1134_singular_display.MOV__00:17:00,FruitPicking,od_video-1134_singular_display.MOV,00:17:00,00:19:00,grasp_and_twist_off,11.0,1,1,Power,,0,One hand is gripping the orange while the other is holding the branch. 
FruitPicking__od_video-1134_singular_display.MOV__00:19:00,FruitPicking,od_video-1134_singular_display.MOV,00:19:00,00:21:00,reach_fruit,44.0,1,1,Unknown,,0,An orange in the lower part of the tree is reached for. 
FruitPicking__od_video-1134_singular_display.MOV__00:21:00,FruitPicking,od_video-1134_singular_display.MOV,00:21:00,00:23:00,grasp_and_twist_off,11.0,1,0,Power,,0,The orange is pulled off with one hand white the other hand is holding another orange. 
FruitPicking__od_video-1134_singular_display.MOV__00:23:00,FruitPicking,od_video-1134_singular_display.MOV,00:23:00,00:24:00,transport_and_place_in_bag,60.0,1,0,Power,,0,The oranges are transported to the bag. 
FruitPicking__od_video-1134_singular_display.MOV__00:24:00,FruitPicking,od_video-1134_singular_display.MOV,00:24:00,00:26:00,reach_fruit,44.0,1,1,Unknown,,0,"The fruit is being reached for, this one is in the upper part of the tree. "
FruitPicking__od_video-1134_singular_display.MOV__00:26:00,FruitPicking,od_video-1134_singular_display.MOV,00:26:00,00:28:00,grasp_and_twist_off,11.0,1,1,Power,,0,Pulled from the tree in a downward motion. 
FruitPicking__od_video-1134_singular_display.MOV__00:28:00,FruitPicking,od_video-1134_singular_display.MOV,00:28:00,00:30:00,retract_hand,46.0,0,0,Unknown,,0,Both hands are moved out of view. 
FruitPicking__video-1131_singular_display.MOV__00:00:00,FruitPicking,video-1131_singular_display.MOV,00:00:00,00:02:00,reach_fruit,44.0,0,0,Unknown,,0,Reach for the first orange that is picked
FruitPicking__video-1131_singular_display.MOV__00:02:00,FruitPicking,video-1131_singular_display.MOV,00:02:00,00:03:00,grasp_and_twist_off,11.0,1,1,Power,,0,First orange is picked from the tree
FruitPicking__video-1131_singular_display.MOV__00:03:00,FruitPicking,video-1131_singular_display.MOV,00:03:00,00:05:00,reach_fruit,44.0,1,1,Power,,0,"While holding the initial orange, another orange is reach for. "
FruitPicking__video-1131_singular_display.MOV__00:05:00,FruitPicking,video-1131_singular_display.MOV,00:05:00,00:07:00,grasp_and_twist_off,11.0,1,1,Power,,0,Second orange is picked form tree. 
FruitPicking__video-1131_singular_display.MOV__00:07:00,FruitPicking,video-1131_singular_display.MOV,00:07:00,00:08:00,reach_fruit,44.0,1,1,Unknown,,0,Orange is reach for again while the other hand is holding the already picked orange. One hand in view. 
FruitPicking__video-1131_singular_display.MOV__00:08:00,FruitPicking,video-1131_singular_display.MOV,00:08:00,00:09:00,grasp_and_twist_off,11.0,1,1,Pinch,,0,Orange is pulled off the tree. 
FruitPicking__video-1131_singular_display.MOV__00:09:00,FruitPicking,video-1131_singular_display.MOV,00:09:00,00:12:00,transport_and_place_in_bag,60.0,1,1,Power,,0,The oranges are moved away from tree and placed in bag
FruitPicking__video-1131_singular_display.MOV__00:12:00,FruitPicking,video-1131_singular_display.MOV,00:12:00,00:15:00,reach_fruit,44.0,1,1,Unknown,,0,Orange is reached for 
FruitPicking__video-1131_singular_display.MOV__00:15:00,FruitPicking,video-1131_singular_display.MOV,00:15:00,00:17:00,grasp_and_twist_off,11.0,1,0,Power,,0,One hand reaches for the orange. 
FruitPicking__video-1131_singular_display.MOV__00:17:00,FruitPicking,video-1131_singular_display.MOV,00:17:00,00:18:00,reach_fruit,44.0,1,1,Unknown,,0,Two hands are used to pull the orange away from the tree. 
FruitPicking__video-1131_singular_display.MOV__00:18:00,FruitPicking,video-1131_singular_display.MOV,00:18:00,00:19:00,grasp_and_twist_off,11.0,1,1,Power,,0,Another orange is picked white the other hand holds the oranges. 
FruitPicking__video-1131_singular_display.MOV__00:19:00,FruitPicking,video-1131_singular_display.MOV,00:19:00,00:21:00,reach_fruit,44.0,1,1,Unknown,,0,Orange is removed from the tree. 
FruitPicking__video-1131_singular_display.MOV__00:21:00,FruitPicking,video-1131_singular_display.MOV,00:21:00,00:22:00,grasp_and_twist_off,11.0,1,1,Power,,0,Another orange is picked white the other hand holds the oranges. 
FruitPicking__video-1131_singular_display.MOV__00:22:00,FruitPicking,video-1131_singular_display.MOV,00:22:00,00:23:00,reach_fruit,44.0,1,0,Unknown,,0,Orange is removed from the tree. 
FruitPicking__video-1131_singular_display.MOV__00:23:00,FruitPicking,video-1131_singular_display.MOV,00:23:00,00:24:00,grasp_and_twist_off,11.0,1,0,Power,,0,Another orange is picked white the other hand holds the oranges. 
FruitPicking__video-1131_singular_display.MOV__00:24:00,FruitPicking,video-1131_singular_display.MOV,00:24:00,00:25:00,reach_fruit,44.0,1,0,Unknown,,0,"Orange is reached for, it is higher up. "
FruitPicking__video-1131_singular_display.MOV__00:25:00,FruitPicking,video-1131_singular_display.MOV,00:25:00,00:26:00,grasp_and_twist_off,11.0,1,0,Power,,0,"Orange is removed from the tree, using the palm of hand. "
FruitPicking__video-1131_singular_display.MOV__00:26:00,FruitPicking,video-1131_singular_display.MOV,00:26:00,00:29:00,reach_fruit,44.0,1,0,Unknown,,0,"Orange is reach for, it is higher up. "
FruitPicking__video-1131_singular_display.MOV__00:29:00,FruitPicking,video-1131_singular_display.MOV,00:29:00,00:31:00,grasp_and_twist_off,11.0,1,0,Power,,0,"Orange is removed from the tree, using the palm of hand. Other hand is still holding the other oranges. "
FruitPicking__video-1131_singular_display.MOV__00:31:00,FruitPicking,video-1131_singular_display.MOV,00:31:00,00:35:00,transport_and_place_in_bag,60.0,1,1,Power,,0,All oranges are moved away from tree and placed in bag. 
FruitPicking__video-1131_singular_display.MOV__00:35:00,FruitPicking,video-1131_singular_display.MOV,00:35:00,00:36:00,retract_hand,46.0,0,0,Unknown,,0,Hand is moved out of view
